-- AdatbĂĄzis takarĂ­tĂĄsa
DROP TABLE IF EXISTS rendeles;
DROP TABLE IF EXISTS pizza;
DROP TABLE IF EXISTS kategoria;

-- TĂĄblĂĄk lĂ©trehozĂĄsa (ĂltalĂĄnos kĂłdolĂĄssal)
CREATE TABLE kategoria (
    nev VARCHAR(50) PRIMARY KEY,
    ar INT NOT NULL
) ENGINE=InnoDB DEFAULT CHARSET=utf8mb4 COLLATE=utf8mb4_general_ci;

CREATE TABLE pizza (
    nev VARCHAR(50) PRIMARY KEY,
    kategorianev VARCHAR(50),
    vegetarianus TINYINT(1),
    FOREIGN KEY (kategorianev) REFERENCES kategoria(nev)
) ENGINE=InnoDB DEFAULT CHARSET=utf8mb4 COLLATE=utf8mb4_general_ci;

CREATE TABLE rendeles (
    az INT AUTO_INCREMENT PRIMARY KEY,
    pizzanev VARCHAR(50),
    darab INT NOT NULL,
    felvetel DATETIME,
    kiszallitas DATETIME,
    FOREIGN KEY (pizzanev) REFERENCES pizza(nev)
) ENGINE=InnoDB DEFAULT CHARSET=utf8mb4 COLLATE=utf8mb4_general_ci;

-- ADATOK BETĂLTĂSE

INSERT INTO kategoria (nev, ar) VALUES
('aprĂłd', 850),
('fĆnemes', 950),
('kirĂĄly', 1250),
('lovag', 1150);

INSERT INTO pizza (nev, kategorianev, vegetarianus) VALUES
('ĂfonyĂĄs', 'kirĂĄly', 0),
('Babos', 'lovag', 0),
('Barbecue chicken', 'lovag', 0),
('BetyĂĄros', 'kirĂĄly', 0),
('Caribi', 'aprĂłd', 0),
('Country', 'kirĂĄly', 0),
('Csabesz', 'kirĂĄly', 0),
('Csupa sajt', 'lovag', 1),
('ErdĆ kapitĂĄnya', 'aprĂłd', 0),
('ErĆs JĂĄnos', 'lovag', 0),
('Excellent', 'kirĂĄly', 0),
('FĆnĂ¶k kedvence', 'lovag', 0),
('Francia', 'fĆnemes', 0),
('Frankfurti', 'kirĂĄly', 0),
('FĂŒstĂ¶s', 'lovag', 0),
('Gino', 'kirĂĄly', 0),
('GombĂĄs', 'aprĂłd', 1),
('GĂłrĂ©', 'lovag', 0),
('GĂ¶rĂ¶g', 'kirĂĄly', 0),
('Gyros pizza', 'kirĂĄly', 0),
('HamAndEggs', 'lovag', 0),
('Hamm', 'lovag', 0),
('Hawaii', 'fĆnemes', 0),
('Hellas', 'kirĂĄly', 0),
('HercegnĆ', 'kirĂĄly', 0),
('Ilike', 'lovag', 0),
('Ănyenc', 'lovag', 0),
('JĂĄzmin ĂĄlma', 'lovag', 0),
('JobbĂĄgy', 'kirĂĄly', 0),
('JuhtĂșrĂłs', 'lovag', 0),
('KagylĂłs', 'kirĂĄly', 0),
('KĂ©tszĂ­nĆ±', 'lovag', 0),
('KiadĂłs', 'kirĂĄly', 0),
('KirĂĄly pizza', 'kirĂĄly', 0),
('KĂ­vĂĄnsĂĄg', 'lovag', 1),
('KukoricĂĄs', 'aprĂłd', 1),
('Laci bĂĄcsi kedvence', 'kirĂĄly', 0),
('MaffiĂłzĂł', 'kirĂĄly', 0),
('Magvas', 'lovag', 0),
('Mamma fia', 'lovag', 0),
('Margit', 'aprĂłd', 1),
('MatrĂłz', 'lovag', 0),
('MexikĂłi', 'lovag', 0),
('Mixi', 'kirĂĄly', 0),
('Napoletana', 'fĆnemes', 0),
('NĂ©gysajtos', 'lovag', 1),
('NĂ©gy Ă©vszak', 'lovag', 0),
('NyuszĂł-MuszĂł', 'lovag', 0),
('PĂĄsztor', 'lovag', 0),
('PĂĄstĂ©tomos', 'lovag', 0),
('PikĂĄns', 'lovag', 0),
('Pipi', 'lovag', 0),
('Popey', 'lovag', 0),
('RĂĄki', 'kirĂĄly', 0),
('RĂĄntott hĂșsos', 'kirĂĄly', 0),
('RĂ¶fi', 'lovag', 0),
('Sajtos', 'aprĂłd', 1),
('Sajtos-gombĂĄs', 'aprĂłd', 1),
('SonkĂĄs', 'aprĂłd', 0),
('SonkĂĄs-gombĂĄs', 'aprĂłd', 0),
('SonkĂĄs-gombĂĄs-kukoricĂĄs', 'fĆnemes', 0),
('SonkĂĄs-kukoricĂĄs', 'aprĂłd', 0),
('SzalĂĄmis', 'aprĂłd', 0),
('SzicĂ­liai', 'lovag', 0),
('SzĆke kapitĂĄny', 'kirĂĄly', 0),
('Tenger gyĂŒmĂ¶lcsei', 'lovag', 0),
('TĂŒndi kedvence', 'kirĂĄly', 0),
('TĂŒzes', 'lovag', 0),
('UFO', 'lovag', 0),
('Viking', 'lovag', 0);

INSERT INTO rendeles (pizzanev, darab, felvetel, kiszallitas) VALUES
('Popey', 2, '2005-11-12 11:21:00', '2005-11-12 12:11:00'),
('KagylĂłs', 1, '2005-11-12 11:41:00', '2005-11-12 12:26:00'),
('Barbecue chicken', 1, '2005-11-12 12:38:00', '2005-11-12 13:02:00'),
('RĂ¶fi', 1, '2005-11-12 13:18:00', '2005-11-12 13:58:00'),
('TĂŒndi kedvence', 1, '2005-11-12 13:44:00', '2005-11-12 16:53:00'),
('HercegnĆ', 2, '2005-11-12 14:10:00', '2005-11-12 14:57:00'),
('Mixi', 1, '2005-11-12 14:20:00', '2005-11-12 16:25:00'),
('RĂĄki', 3, '2005-11-12 14:51:00', '2005-11-12 17:06:00'),
('SzĆke kapitĂĄny', 1, '2005-11-12 15:13:00', '2005-11-12 17:41:00'),
('GombĂĄs', 1, '2005-11-12 15:35:00', '2005-11-12 18:22:00'),
('Mamma fia', 1, '2005-11-12 16:08:00', '2005-11-12 17:51:00'),
('Viking', 1, '2005-11-12 16:16:00', '2005-11-12 18:41:00'),
('ZĂ¶ldĂ¶vezet', 1, '2005-11-12 16:32:00', '2005-11-12 18:31:00'),
('Piedone', 1, '2005-11-12 17:28:00', '2005-11-12 20:25:00'),
('KĂ­vĂĄnsĂĄg', 1, '2005-11-12 17:34:00', '2005-11-12 18:43:00'),
('KagylĂłs', 1, '2005-11-12 18:02:00', '2005-11-12 18:46:00'),
('SzĆke kapitĂĄny', 1, '2005-11-12 18:03:00', '2005-11-12 18:59:00'),
('KĂ­vĂĄnsĂĄg', 1, '2005-11-12 18:18:00', '2005-11-12 21:03:00'),
('Tenger gyĂŒmĂ¶lcsei', 1, '2005-11-12 18:31:00', '2005-11-12 21:05:00'),
('BetyĂĄros', 1, '2005-11-12 18:36:00', '2005-11-12 21:08:00'),
('Hawaii', 1, '2005-11-12 18:52:00', '2005-11-12 21:28:00'),
('NĂ©gysajtos', 3, '2005-11-12 19:25:00', '2005-11-12 21:04:00'),
('MexikĂłi', 1, '2005-11-12 19:35:00', '2005-11-12 22:30:00'),
('ĂfonyĂĄs', 1, '2005-11-12 19:43:00', '2005-11-12 22:42:00'),
('SzalĂĄmis', 2, '2005-11-12 20:22:00', '2005-11-12 23:05:00'),
('Mixi', 1, '2005-11-12 20:41:00', '2005-11-12 22:56:00'),
('GombĂĄs', 1, '2005-11-12 21:03:00', '2005-11-12 23:36:00'),
('Caribi', 1, '2005-11-12 21:26:00', '2005-11-13 00:03:00'),
('KĂ­vĂĄnsĂĄg', 1, '2005-11-12 21:44:00', '2005-11-13 00:05:00'),
('Vega', 1, '2005-11-12 22:04:00', '2005-11-13 00:23:00'),
('GombĂĄs', 1, '2005-11-12 22:51:00', '2005-11-13 00:06:00'),
('Songoku', 1, '2005-11-12 23:32:00', '2005-11-13 01:21:00'),
('KagylĂłs', 1, '2005-11-12 23:33:00', '2005-11-13 00:46:00'),
('Napoli', 1, '2005-11-13 00:10:00', '2005-11-13 02:43:00'),
('Hawaii', 1, '2005-11-13 11:24:00', '2005-11-13 13:58:00'),
('ZĂ¶ldĂ¶vezet', 1, '2005-11-13 11:34:00', '2005-11-13 14:10:00'),
('Vega', 1, '2005-11-13 11:42:00', '2005-11-13 14:16:00'),
('Tenger gyĂŒmĂ¶lcsei', 1, '2005-11-13 12:12:00', '2005-11-13 15:02:00'),
('KagylĂłs', 1, '2005-11-13 12:43:00', '2005-11-13 15:26:00'),
('Mixi', 1, '2005-11-13 13:28:00', '2005-11-13 16:11:00'),
('HĂșsimĂĄdĂł', 1, '2005-11-13 13:41:00', '2005-11-13 16:32:00'),
('Inyenc', 1, '2005-11-13 14:14:00', '2005-11-13 16:35:00'),
('Mamma fia', 1, '2005-11-13 14:52:00', '2005-11-13 17:03:00'),
('MexikĂłi', 1, '2005-11-13 15:05:00', '2005-11-13 17:28:00'),
('PĂĄsztor', 1, '2005-11-13 15:16:00', '2005-11-13 18:03:00'),
('MexikĂłi', 1, '2005-11-13 15:42:00', '2005-11-13 18:25:00'),
('ErĆs JĂĄnos', 1, '2005-11-13 16:11:00', '2005-11-13 18:34:00'),
('ĂfonyĂĄs', 1, '2005-11-13 16:26:00', '2005-11-13 18:43:00'),
('Mamma fia', 1, '2005-11-13 17:02:00', '2005-11-13 18:52:00'),
('MexikĂłi', 1, '2005-11-13 17:31:00', '2005-11-13 19:25:00'),
('Hawaii', 1, '2005-11-13 17:35:00', '2005-11-13 19:43:00'),
('BetyĂĄros', 1, '2005-11-13 18:08:00', '2005-11-13 20:22:00'),
('RĂĄki', 1, '2005-11-13 18:22:00', '2005-11-13 21:03:00'),
('SzĆke kapitĂĄny', 1, '2005-11-13 18:38:00', '2005-11-13 21:26:00'),
('KĂ­vĂĄnsĂĄg', 1, '2005-11-13 18:51:00', '2005-11-13 21:44:00'),
('Mixi', 1, '2005-11-13 19:28:00', '2005-11-13 22:04:00'),
('GombĂĄs', 1, '2005-11-13 19:51:00', '2005-11-13 22:51:00'),
('SzalĂĄmis', 1, '2005-11-13 20:02:00', '2005-11-13 23:32:00'),
('Mamma fia', 1, '2005-11-13 20:26:00', '2005-11-14 00:10:00'),
('MexikĂłi', 1, '2005-11-13 20:34:00', '2005-11-14 11:24:00'),
('Napoli', 1, '2005-11-13 21:05:00', '2005-11-14 11:34:00'),
('Hawaii', 1, '2005-11-13 21:36:00', '2005-11-14 11:42:00'),
('Songoku', 1, '2005-11-13 22:03:00', '2005-11-14 12:12:00'),
('ZĂ¶ldĂ¶vezet', 1, '2005-11-13 22:56:00', '2005-11-14 12:43:00'),
('Barbecue chicken', 1, '2005-11-14 11:26:00', '2005-11-14 13:28:00'),
('Mixi', 1, '2005-11-14 12:04:00', '2005-11-14 13:41:00'),
('GombĂĄs', 1, '2005-11-14 12:44:00', '2005-11-14 14:14:00'),
('Popey', 1, '2005-11-14 13:16:00', '2005-11-14 14:52:00'),
('KagylĂłs', 1, '2005-11-14 13:21:00', '2005-11-14 15:05:00'),
('ZĂ¶ldĂ¶vezet', 1, '2005-11-14 14:11:00', '2005-11-14 15:16:00'),
('Mixi', 1, '2005-11-14 14:26:00', '2005-11-14 15:42:00'),
('ZĂ¶ldĂ¶vezet', 1, '2005-11-14 15:05:00', '2005-11-14 16:11:00'),
('Songoku', 1, '2005-11-14 15:28:00', '2005-11-14 16:26:00'),
('Tenger gyĂŒmĂ¶lcsei', 1, '2005-11-14 15:53:00', '2005-11-14 17:02:00'),
('Inyenc', 1, '2005-11-14 16:08:00', '2005-11-14 17:31:00'),
('Popey', 1, '2005-11-14 16:25:00', '2005-11-14 17:35:00'),
('GĂ¶rĂ¶g', 1, '2005-11-14 16:53:00', '2005-11-14 18:08:00'),
('HĂșsimĂĄdĂł', 1, '2005-11-14 17:28:00', '2005-11-14 18:22:00'),
('MexikĂłi', 1, '2005-11-14 17:51:00', '2005-11-14 18:38:00'),
('Popey', 1, '2005-11-14 18:03:00', '2005-11-14 18:51:00'),
('Songoku', 1, '2005-11-14 18:26:00', '2005-11-14 19:28:00'),
('Mixi', 1, '2005-11-14 18:31:00', '2005-11-14 19:51:00'),
('Viking', 1, '2005-11-14 18:41:00', '2005-11-14 20:02:00'),
('ZĂ¶ldĂ¶vezet', 1, '2005-11-14 18:43:00', '2005-11-14 20:26:00'),
('Piedone', 1, '2005-11-14 18:52:00', '2005-11-14 20:34:00'),
('Napoli', 1, '2005-11-14 18:59:00', '2005-11-14 21:05:00'),
('Mixi', 1, '2005-11-14 19:03:00', '2005-11-14 21:36:00'),
('HĂșsimĂĄdĂł', 1, '2005-11-14 19:25:00', '2005-11-14 22:03:00'),
('Inyenc', 1, '2005-11-14 19:43:00', '2005-11-14 22:56:00'),
('Mixi', 1, '2005-11-14 20:08:00', '2005-11-15 11:26:00'),
('HĂșsimĂĄdĂł', 1, '2005-11-14 20:22:00', '2005-11-15 12:04:00'),
('GombĂĄs', 1, '2005-11-14 20:25:00', '2005-11-15 12:44:00'),
('GĂ¶rĂ¶g', 1, '2005-11-14 21:03:00', '2005-11-15 13:16:00'),
('Viking', 1, '2005-11-14 21:08:00', '2005-11-15 13:21:00'),
('Songoku', 1, '2005-11-14 21:28:00', '2005-11-15 14:11:00'),
('ZĂ¶ldĂ¶vezet', 1, '2005-11-14 21:44:00', '2005-11-15 14:26:00'),
('GĂ¶rĂ¶g', 1, '2005-11-14 22:04:00', '2005-11-15 15:05:00'),
('PĂĄsztor', 1, '2005-11-14 22:30:00', '2005-11-15 15:28:00'),
('ĂfonyĂĄs', 1, '2005-11-14 22:42:00', '2005-11-15 15:53:00'),
('Popey', 1, '2005-11-14 23:05:00', '2005-11-15 16:08:00'),
('GombĂĄs', 1, '2005-11-14 23:36:00', '2005-11-15 16:25:00'),
('Mamma fia', 1, '2005-11-15 00:03:00', '2005-11-15 16:53:00'),
('Songoku', 1, '2005-11-15 00:05:00', '2005-11-15 17:28:00'),
('Songoku', 1, '2005-11-15 00:23:00', '2005-11-15 17:51:00'),
('Mixi', 1, '2005-11-15 11:21:00', '2005-11-15 18:03:00'),
('HĂșsimĂĄdĂł', 1, '2005-11-15 11:41:00', '2005-11-15 18:26:00'),
('Inyenc', 1, '2005-11-15 12:38:00', '2005-11-15 18:31:00'),
('Popey', 1, '2005-11-15 13:18:00', '2005-11-15 18:41:00'),
('ZĂ¶ldĂ¶vezet', 1, '2005-11-15 13:44:00', '2005-11-15 18:43:00'),
('Viking', 1, '2005-11-15 14:10:00', '2005-11-15 18:52:00'),
('Songoku', 1, '2005-11-15 14:20:00', '2005-11-15 18:59:00'),
('HĂșsimĂĄdĂł', 1, '2005-11-15 14:51:00', '2005-11-15 19:03:00'),
('Inyenc', 1, '2005-11-15 15:13:00', '2005-11-15 19:25:00'),
('Mixi', 1, '2005-11-15 15:35:00', '2005-11-15 19:43:00'),
('HĂșsimĂĄdĂł', 1, '2005-11-15 16:08:00', '2005-11-15 20:08:00'),
('HĂșsimĂĄdĂł', 1, '2005-11-15 16:16:00', '2005-11-15 20:22:00'),
('Viking', 1, '2005-11-15 16:32:00', '2005-11-15 20:25:00'),
('Mixi', 1, '2005-11-15 17:28:00', '2005-11-15 21:03:00'),
('GombĂĄs', 1, '2005-11-15 17:34:00', '2005-11-15 21:08:00'),
('GĂ¶rĂ¶g', 1, '2005-11-15 18:02:00', '2005-11-15 21:28:00'),
('Viking', 1, '2005-11-15 18:03:00', '2005-11-15 21:44:00'),
('Mixi', 1, '2005-11-15 18:18:00', '2005-11-15 22:04:00'),
('ZĂ¶ldĂ¶vezet', 1, '2005-11-15 18:31:00', '2005-11-15 22:30:00'),
('PĂĄsztor', 1, '2005-11-15 18:36:00', '2005-11-15 22:42:00'),
('ĂfonyĂĄs', 1, '2005-11-15 18:52:00', '2005-11-15 23:05:00'),
('Inyenc', 1, '2005-11-15 19:25:00', '2005-11-15 23:36:00'),
('Viking', 1, '2005-11-15 19:35:00', '2005-11-16 00:03:00'),
('ĂfonyĂĄs', 1, '2005-11-15 19:43:00', '2005-11-16 00:05:00'),
('Popey', 1, '2005-11-15 20:22:00', '2005-11-16 00:23:00'),
('GombĂĄs', 1, '2005-11-15 20:41:00', '2005-11-16 11:21:00'),
('Mamma fia', 1, '2005-11-15 21:03:00', '2005-11-16 11:41:00'),
('Songoku', 1, '2005-11-15 21:26:00', '2005-11-16 12:38:00'),
('Mixi', 1, '2005-11-15 21:44:00', '2005-11-16 13:18:00'),
('Viking', 1, '2005-11-15 22:04:00', '2005-11-16 13:44:00'),
('Songoku', 1, '2005-11-15 22:51:00', '2005-11-16 14:10:00'),
('ĂfonyĂĄs', 1, '2005-11-15 23:32:00', '2005-11-16 14:20:00'),
('Popey', 1, '2005-11-15 23:33:00', '2005-11-16 14:51:00'),
('GombĂĄs', 1, '2005-11-16 00:10:00', '2005-11-16 15:13:00'),
('Mamma fia', 1, '2005-11-16 11:24:00', '2005-11-16 15:35:00'),
('Songoku', 1, '2005-11-16 11:34:00', '2005-11-16 16:08:00'),
('Mixi', 1, '2005-11-16 11:42:00', '2005-11-16 16:16:00'),
('Songoku', 1, '2005-11-16 12:12:00', '2005-11-16 16:32:00'),
('HĂșsimĂĄdĂł', 1, '2005-11-16 12:43:00', '2005-11-16 17:28:00'),
('Inyenc', 1, '2005-11-16 13:28:00', '2005-11-16 17:34:00'),
('Mixi', 1, '2005-11-16 13:41:00', '2005-11-16 18:02:00'),
('Viking', 1, '2005-11-16 14:14:00', '2005-11-16 18:03:00'),
('Songoku', 1, '2005-11-16 14:52:00', '2005-11-16 18:18:00'),
('ĂfonyĂĄs', 1, '2005-11-16 15:05:00', '2005-11-16 18:31:00'),
('Popey', 1, '2005-11-16 15:16:00', '2005-11-16 18:36:00'),
('GombĂĄs', 1, '2005-11-16 15:42:00', '2005-11-16 18:52:00'),
('Mamma fia', 1, '2005-11-16 16:11:00', '2005-11-16 19:25:00'),
('Songoku', 1, '2005-11-16 16:26:00', '2005-11-16 19:35:00'),
('Mixi', 1, '2005-11-16 17:02:00', '2005-11-16 19:43:00'),
('HĂșsimĂĄdĂł', 1, '2005-11-16 17:31:00', '2005-11-16 20:22:00'),
('Inyenc', 1, '2005-11-16 17:35:00', '2005-11-16 20:41:00'),
('Mixi', 1, '2005-11-16 18:08:00', '2005-11-16 21:03:00'),
('HĂșsimĂĄdĂł', 1, '2005-11-16 18:22:00', '2005-11-16 21:26:00'),
('HĂșsimĂĄdĂł', 1, '2005-11-16 18:38:00', '2005-11-16 21:44:00'),
('Viking', 1, '2005-11-16 18:51:00', '2005-11-16 22:04:00'),
('HĂșsimĂĄdĂł', 1, '2005-11-16 19:28:00', '2005-11-16 22:51:00'),
('HĂșsimĂĄdĂł', 1, '2005-11-16 19:51:00', '2005-11-16 23:32:00'),
('Mixi', 1, '2005-11-16 20:02:00', '2005-11-16 23:33:00'),
('GombĂĄs', 1, '2005-11-16 20:26:00', '2005-11-17 00:10:00'),
('GĂ¶rĂ¶g', 1, '2005-11-16 20:34:00', '2005-11-17 11:24:00'),
('Viking', 1, '2005-11-16 21:05:00', '2005-11-17 11:34:00'),
('HĂșsimĂĄdĂł', 1, '2005-11-16 21:36:00', '2005-11-17 11:42:00'),
('Inyenc', 1, '2005-11-16 22:03:00', '2005-11-17 12:12:00'),
('Mixi', 1, '2005-11-16 22:56:00', '2005-11-17 12:43:00'),
('Inyenc', 1, '2005-11-17 11:26:00', '2005-11-17 13:28:00'),
('Viking', 1, '2005-11-17 12:04:00', '2005-11-17 13:41:00'),
('Viking', 1, '2005-11-17 12:44:00', '2005-11-17 14:14:00'),
('HĂșsimĂĄdĂł', 1, '2005-11-17 13:16:00', '2005-11-17 14:52:00'),
('Inyenc', 1, '2005-11-17 13:21:00', '2005-11-17 15:05:00'),
('HĂșsimĂĄdĂł', 1, '2005-11-17 14:11:00', '2005-11-17 15:16:00'),
('HĂșsimĂĄdĂł', 1, '2005-11-17 14:26:00', '2005-11-17 15:42:00'),
('Viking', 1, '2005-11-17 15:05:00', '2005-11-17 16:11:00'),
('Mixi', 1, '2005-11-17 15:28:00', '2005-11-17 16:26:00'),
('HĂșsimĂĄdĂł', 1, '2005-11-17 15:53:00', '2005-11-17 17:02:00'),
('Inyenc', 1, '2005-11-17 16:08:00', '2005-11-17 17:31:00'),
('Mixi', 1, '2005-11-17 16:25:00', '2005-11-17 17:35:00'),
('GombĂĄs', 1, '2005-11-17 16:53:00', '2005-11-17 18:08:00'),
('GĂ¶rĂ¶g', 1, '2005-11-17 17:28:00', '2005-11-17 18:22:00'),
('Viking', 1, '2005-11-17 17:51:00', '2005-11-17 18:38:00'),
('HĂșsimĂĄdĂł', 1, '2005-11-17 18:03:00', '2005-11-17 18:51:00'),
('Inyenc', 1, '2005-11-17 18:26:00', '2005-11-17 19:28:00'),
('Mixi', 1, '2005-11-17 18:31:00', '2005-11-17 19:51:00'),
('HĂșsimĂĄdĂł', 1, '2005-11-17 18:41:00', '2005-11-17 20:02:00'),
('HĂșsimĂĄdĂł', 1, '2005-11-17 18:43:00', '2005-11-17 20:26:00'),
('Viking', 1, '2005-11-17 18:52:00', '2005-11-17 20:34:00'),
('Mixi', 1, '2005-11-17 18:59:00', '2005-11-17 21:05:00'),
('HĂșsimĂĄdĂł', 1, '2005-11-17 19:03:00', '2005-11-17 21:36:00'),
('HĂșsimĂĄdĂł', 1, '2005-11-17 19:25:00', '2005-11-17 22:03:00'),
('Viking', 1, '2005-11-17 19:43:00', '2005-11-17 22:56:00'),
('Mixi', 1, '2005-11-17 20:08:00', '2005-11-18 11:26:00'),
('GombĂĄs', 1, '2005-11-17 20:22:00', '2005-11-18 12:04:00'),
('GĂ¶rĂ¶g', 1, '2005-11-17 20:25:00', '2005-11-18 12:44:00'),
('Viking', 1, '2005-11-17 21:03:00', '2005-11-18 13:16:00'),
('HĂșsimĂĄdĂł', 1, '2005-11-17 21:08:00', '2005-11-18 13:21:00'),
('Inyenc', 1, '2005-11-17 21:28:00', '2005-11-18 14:11:00'),
('Mixi', 1, '2005-11-17 21:44:00', '2005-11-18 14:26:00'),
('HĂșsimĂĄdĂł', 1, '2005-11-17 22:04:00', '2005-11-18 15:05:00'),
('Inyenc', 1, '2005-11-17 22:30:00', '2005-11-18 15:28:00'),
('Mixi', 1, '2005-11-17 22:42:00', '2005-11-18 15:53:00'),
('HĂșsimĂĄdĂł', 1, '2005-11-17 23:05:00', '2005-11-18 16:08:00'),
('HĂșsimĂĄdĂł', 1, '2005-11-17 23:36:00', '2005-11-18 16:25:00'),
('Viking', 1, '2005-11-18 00:03:00', '2005-11-18 16:53:00'),
('Mixi', 1, '2005-11-18 00:05:00', '2005-11-18 17:28:00'),
('HĂșsimĂĄdĂł', 1, '2005-11-18 00:23:00', '2005-11-18 17:51:00'),
('HĂșsimĂĄdĂł', 1, '2005-11-18 11:21:00', '2005-11-18 18:03:00'),
('Inyenc', 1, '2005-11-18 11:41:00', '2005-11-18 18:26:00'),
('Mixi', 1, '2005-11-18 12:38:00', '2005-11-18 18:31:00'),
('HĂșsimĂĄdĂł', 1, '2005-11-18 13:18:00', '2005-11-18 18:41:00'),
('HĂșsimĂĄdĂł', 1, '2005-11-18 13:44:00', '2005-11-18 18:43:00'),
('Viking', 1, '2005-11-18 14:10:00', '2005-11-18 18:52:00'),
('Mixi', 1, '2005-11-18 14:20:00', '2005-11-18 18:59:00'),
('HĂșsimĂĄdĂł', 1, '2005-11-18 14:51:00', '2005-11-18 19:03:00'),
('HĂșsimĂĄdĂł', 1, '2005-11-18 15:13:00', '2005-11-18 19:25:00'),
('Inyenc', 1, '2005-11-18 15:35:00', '2005-11-18 19:43:00'),
('Mixi', 1, '2005-11-18 16:08:00', '2005-11-18 20:08:00'),
('HĂșsimĂĄdĂł', 1, '2005-11-18 16:16:00', '2005-11-18 20:22:00'),
('HĂșsimĂĄdĂł', 1, '2005-11-18 16:32:00', '2005-11-18 20:25:00'),
('Viking', 1, '2005-11-18 17:28:00', '2005-11-18 21:03:00'),
('Mixi', 1, '2005-11-18 17:34:00', '2005-11-18 21:08:00'),
('HĂșsimĂĄdĂł', 1, '2005-11-18 18:02:00', '2005-11-18 21:28:00'),
('HĂșsimĂĄdĂł', 1, '2005-11-18 18:03:00', '2005-11-18 21:44:00'),
('Inyenc', 1, '2005-11-18 18:18:00', '2005-11-18 22:04:00'),
('Mixi', 1, '2005-11-18 18:31:00', '2005-11-18 22:51:00'),
('HĂșsimĂĄdĂł', 1, '2005-11-18 18:36:00', '2005-11-18 23:32:00'),
('HĂșsimĂĄdĂł', 1, '2005-11-18 18:52:00', '2005-11-18 23:33:00'),
('Viking', 1, '2005-11-18 19:25:00', '2005-11-19 00:10:00'),
('Mixi', 1, '2005-11-18 19:35:00', '2005-11-19 11:24:00'),
('HĂșsimĂĄdĂł', 1, '2005-11-18 19:43:00', '2005-11-19 11:34:00'),
('HĂșsimĂĄdĂł', 1, '2005-11-18 20:22:00', '2005-11-19 11:42:00'),
('Inyenc', 1, '2005-11-18 20:41:00', '2005-11-19 12:12:00'),
('Mixi', 1, '2005-11-18 21:03:00', '2005-11-19 12:43:00'),
('HĂșsimĂĄdĂł', 1, '2005-11-18 21:26:00', '2005-11-19 13:28:00'),
('HĂșsimĂĄdĂł', 1, '2005-11-18 21:44:00', '2005-11-19 13:41:00'),
('Viking', 1, '2005-11-18 22:04:00', '2005-11-19 14:14:00'),
('Mixi', 1, '2005-11-18 22:51:00', '2005-11-19 14:52:00'),
('HĂșsimĂĄdĂł', 1, '2005-11-18 23:32:00', '2005-11-19 15:05:00'),
('HĂșsimĂĄdĂł', 1, '2005-11-18 23:33:00', '2005-11-19 15:16:00'),
('Inyenc', 1, '2005-11-19 00:10:00', '2005-11-19 15:42:00'),
('Mixi', 1, '2005-11-19 11:24:00', '2005-11-19 16:11:00'),
('HĂșsimĂĄdĂł', 1, '2005-11-19 11:34:00', '2005-11-19 16:26:00'),
('HĂșsimĂĄdĂł', 1, '2005-11-19 11:42:00', '2005-11-19 17:02:00'),
('Viking', 1, '2005-11-19 12:12:00', '2005-11-19 17:31:00'),
('Mixi', 1, '2005-11-19 12:43:00', '2005-11-19 17:35:00'),
('HĂșsimĂĄdĂł', 1, '2005-11-19 13:28:00', '2005-11-19 18:08:00'),
('HĂșsimĂĄdĂł', 1, '2005-11-19 13:41:00', '2005-11-19 18:22:00'),
('Inyenc', 1, '2005-11-19 14:14:00', '2005-11-19 18:38:00'),
('Mixi', 1, '2005-11-19 14:52:00', '2005-11-19 18:51:00'),
('HĂșsimĂĄdĂł', 1, '2005-11-19 15:05:00', '2005-11-19 19:28:00'),
('HĂșsimĂĄdĂł', 1, '2005-11-19 15:16:00', '2005-11-19 19:51:00'),
('Viking', 1, '2005-11-19 15:42:00', '2005-11-19 20:02:00'),
('Mixi', 1, '2005-11-19 16:11:00', '2005-11-19 20:26:00'),
('HĂșsimĂĄdĂł', 1, '2005-11-19 16:26:00', '2005-11-19 20:34:00'),
('HĂșsimĂĄdĂł', 1, '2005-11-19 17:02:00', '2005-11-19 21:05:00'),
('Inyenc', 1, '2005-11-19 17:31:00', '2005-11-19 21:36:00'),
('Mixi', 1, '2005-11-19 17:35:00', '2005-11-19 22:03:00'),
('HĂșsimĂĄdĂł', 1, '2005-11-19 18:08:00', '2005-11-19 22:56:00'),
('HĂșsimĂĄdĂł', 1, '2005-11-19 18:22:00', '2005-11-20 11:26:00'),
('Viking', 1, '2005-11-19 18:38:00', '2005-11-20 12:04:00'),
('Mixi', 1, '2005-11-19 18:51:00', '2005-11-20 12:44:00'),
('HĂșsimĂĄdĂł', 1, '2005-11-19 19:28:00', '2005-11-20 13:16:00'),
('HĂșsimĂĄdĂł', 1, '2005-11-19 19:51:00', '2005-11-20 13:21:00'),
('Inyenc', 1, '2005-11-19 20:02:00', '2005-11-20 14:11:00'),
('Mixi', 1, '2005-11-19 20:26:00', '2005-11-20 14:26:00'),
('HĂșsimĂĄdĂł', 1, '2005-11-19 20:34:00', '2005-11-20 15:05:00'),
('HĂșsimĂĄdĂł', 1, '2005-11-19 21:05:00', '2005-11-20 15:28:00'),
('Viking', 1, '2005-11-19 21:36:00', '2005-11-20 15:53:00'),
('Mixi', 1, '2005-11-19 22:03:00', '2005-11-20 16:08:00'),
('HĂșsimĂĄdĂł', 1, '2005-11-19 22:56:00', '2005-11-20 16:25:00'),
('HĂșsimĂĄdĂł', 1, '2005-11-20 11:26:00', '2005-11-20 16:53:00'),
('Inyenc', 1, '2005-11-20 12:04:00', '2005-11-20 17:28:00'),
('Mixi', 1, '2005-11-20 12:44:00', '2005-11-20 17:51:00'),
('HĂșsimĂĄdĂł', 1, '2005-11-20 13:16:00', '2005-11-20 18:03:00'),
('HĂșsimĂĄdĂł', 1, '2005-11-20 13:21:00', '2005-11-20 18:26:00'),
('Viking', 1, '2005-11-20 14:11:00', '2005-11-20 18:31:00'),
('Mixi', 1, '2005-11-20 14:26:00', '2005-11-20 18:41:00'),
('HĂșsimĂĄdĂł', 1, '2005-11-20 15:05:00', '2005-11-20 18:43:00'),
('HĂșsimĂĄdĂł', 1, '2005-11-20 15:28:00', '2005-11-20 18:52:00'),
('Inyenc', 1, '2005-11-20 15:53:00', '2005-11-20 18:59:00'),
('Mixi', 1, '2005-11-20 16:08:00', '2005-11-20 19:03:00'),
('HĂșsimĂĄdĂł', 1, '2005-11-20 16:25:00', '2005-11-20 19:25:00'),
('HĂșsimĂĄdĂł', 1, '2005-11-20 16:53:00', '2005-11-20 19:43:00'),
('Viking', 1, '2005-11-20 17:28:00', '2005-11-20 20:08:00'),
('Mixi', 1, '2005-11-20 17:51:00', '2005-11-20 20:22:00'),
('HĂșsimĂĄdĂł', 1, '2005-11-20 18:03:00', '2005-11-20 20:25:00'),
('HĂșsimĂĄdĂł', 1, '2005-11-20 18:26:00', '2005-11-20 21:03:00'),
('Inyenc', 1, '2005-11-20 18:31:00', '2005-11-20 21:08:00'),
('Mixi', 1, '2005-11-20 18:41:00', '2005-11-20 21:28:00'),
('HĂșsimĂĄdĂł', 1, '2005-11-20 18:43:00', '2005-11-20 21:44:00'),
('HĂșsimĂĄdĂł', 1, '2005-11-20 18:52:00', '2005-11-20 22:04:00'),
('Viking', 1, '2005-11-20 18:59:00', '2005-11-20 22:51:00'),
('Mixi', 1, '2005-11-20 19:03:00', '2005-11-20 23:32:00'),
('HĂșsimĂĄdĂł', 1, '2005-11-20 19:25:00', '2005-11-20 23:33:00'),
('HĂșsimĂĄdĂł', 1, '2005-11-20 19:43:00', '2005-11-21 00:10:00'),
('Inyenc', 1, '2005-11-20 20:08:00', '2005-11-21 11:24:00'),
('Mixi', 1, '2005-11-20 20:22:00', '2005-11-21 11:34:00'),
('HĂșsimĂĄdĂł', 1, '2005-11-20 20:25:00', '2005-11-21 11:42:00'),
('HĂșsimĂĄdĂł', 1, '2005-11-20 21:03:00', '2005-11-21 12:12:00'),
('Viking', 1, '2005-11-20 21:08:00', '2005-11-21 12:43:00'),
('Mixi', 1, '2005-11-20 21:28:00', '2005-11-21 13:28:00'),
('HĂșsimĂĄdĂł', 1, '2005-11-20 21:44:00', '2005-11-21 13:41:00'),
('HĂșsimĂĄdĂł', 1, '2005-11-20 22:04:00', '2005-11-21 14:14:00'),
('Inyenc', 1, '2005-11-20 22:30:00', '2005-11-21 14:52:00'),
('Mixi', 1, '2005-11-20 22:42:00', '2005-11-21 15:05:00'),
('HĂșsimĂĄdĂł', 1, '2005-11-20 23:05:00', '2005-11-21 15:16:00'),
('HĂșsimĂĄdĂł', 1, '2005-11-20 23:36:00', '2005-11-21 15:42:00'),
('Viking', 1, '2005-11-21 00:03:00', '2005-11-21 16:11:00'),
('Mixi', 1, '2005-11-21 00:05:00', '2005-11-21 16:26:00'),
('HĂșsimĂĄdĂł', 1, '2005-11-21 00:23:00', '2005-11-21 17:02:00'),
('HĂșsimĂĄdĂł', 1, '2005-11-21 11:21:00', '2005-11-21 17:31:00'),
('Inyenc', 1, '2005-11-21 11:41:00', '2005-11-21 17:35:00'),
('Mixi', 1, '2005-11-21 12:38:00', '2005-11-21 18:08:00'),
('HĂșsimĂĄdĂł', 1, '2005-11-21 13:18:00', '2005-11-21 18:22:00'),
('HĂșsimĂĄdĂł', 1, '2005-11-21 13:44:00', '2005-11-21 18:38:00'),
('Viking', 1, '2005-11-21 14:10:00', '2005-11-21 18:51:00'),
('Mixi', 1, '2005-11-21 14:20:00', '2005-11-21 19:28:00'),
('HĂșsimĂĄdĂł', 1, '2005-11-21 14:51:00', '2005-11-21 19:51:00'),
('HĂșsimĂĄdĂł', 1, '2005-11-21 15:13:00', '2005-11-21 20:02:00'),
('Inyenc', 1, '2005-11-21 15:35:00', '2005-11-21 20:26:00'),
('Mixi', 1, '2005-11-21 16:08:00', '2005-11-21 20:34:00'),
('HĂșsimĂĄdĂł', 1, '2005-11-21 16:16:00', '2005-11-21 21:05:00'),
('HĂșsimĂĄdĂł', 1, '2005-11-21 16:32:00', '2005-11-21 21:36:00'),
('Viking', 1, '2005-11-21 17:28:00', '2005-11-21 22:03:00'),
('Mixi', 1, '2005-11-21 17:34:00', '2005-11-21 22:56:00'),
('HĂșsimĂĄdĂł', 1, '2005-11-21 18:02:00', '2005-11-22 11:26:00'),
('HĂșsimĂĄdĂł', 1, '2005-11-21 18:03:00', '2005-11-22 12:04:00'),
('Inyenc', 1, '2005-11-21 18:18:00', '2005-11-22 12:44:00'),
('Mixi', 1, '2005-11-21 18:31:00', '2005-11-22 13:16:00'),
('HĂșsimĂĄdĂł', 1, '2005-11-21 18:36:00', '2005-11-22 13:21:00'),
('HĂșsimĂĄdĂł', 1, '2005-11-21 18:52:00', '2005-11-22 14:11:00'),
('Viking', 1, '2005-11-21 19:25:00', '2005-11-22 14:26:00'),
('Mixi', 1, '2005-11-21 19:35:00', '2005-11-22 15:05:00'),
('HĂșsimĂĄdĂł', 1, '2005-11-21 19:43:00', '2005-11-22 15:28:00'),
('HĂșsimĂĄdĂł', 1, '2005-11-21 20:22:00', '2005-11-22 15:53:00'),
('Inyenc', 1, '2005-11-21 20:41:00', '2005-11-22 16:08:00'),
('Mixi', 1, '2005-11-21 21:03:00', '2005-11-22 16:25:00'),
('HĂșsimĂĄdĂł', 1, '2005-11-21 21:26:00', '2005-11-22 16:53:00'),
('HĂșsimĂĄdĂł', 1, '2005-11-21 21:44:00', '2005-11-22 17:28:00'),
('Viking', 1, '2005-11-21 22:04:00', '2005-11-22 17:51:00'),
('Mixi', 1, '2005-11-21 22:51:00', '2005-11-22 18:03:00'),
('HĂșsimĂĄdĂł', 1, '2005-11-21 23:32:00', '2005-11-22 18:26:00'),
('HĂșsimĂĄdĂł', 1, '2005-11-21 23:33:00', '2005-11-22 18:31:00'),
('Inyenc', 1, '2005-11-22 00:10:00', '2005-11-22 18:41:00'),
('Mixi', 1, '2005-11-22 11:24:00', '2005-11-22 18:43:00'),
('HĂșsimĂĄdĂł', 1, '2005-11-22 11:34:00', '2005-11-22 18:52:00'),
('HĂșsimĂĄdĂł', 1, '2005-11-22 11:42:00', '2005-11-22 18:59:00'),
('Viking', 1, '2005-11-22 12:12:00', '2005-11-22 19:03:00'),
('Mixi', 1, '2005-11-22 12:43:00', '2005-11-22 19:25:00'),
('HĂșsimĂĄdĂł', 1, '2005-11-22 13:28:00', '2005-11-22 19:43:00'),
('HĂșsimĂĄdĂł', 1, '2005-11-22 13:41:00', '2005-11-22 20:08:00'),
('Inyenc', 1, '2005-11-22 14:14:00', '2005-11-22 20:22:00'),
('Mixi', 1, '2005-11-22 14:52:00', '2005-11-22 20:25:00'),
('HĂșsimĂĄdĂł', 1, '2005-11-22 15:05:00', '2005-11-22 21:03:00'),
('HĂșsimĂĄdĂł', 1, '2005-11-22 15:16:00', '2005-11-22 21:08:00'),
('Viking', 1, '2005-11-22 15:42:00', '2005-11-22 21:28:00'),
('Mixi', 1, '2005-11-22 16:11:00', '2005-11-22 21:44:00'),
('HĂșsimĂĄdĂł', 1, '2005-11-22 16:26:00', '2005-11-22 22:04:00'),
('HĂșsimĂĄdĂł', 1, '2005-11-22 17:02:00', '2005-11-22 22:51:00'),
('Inyenc', 1, '2005-11-22 17:31:00', '2005-11-22 23:32:00'),
('Mixi', 1, '2005-11-22 17:35:00', '2005-11-22 23:33:00'),
('HĂșsimĂĄdĂł', 1, '2005-11-22 18:08:00', '2005-11-23 00:10:00'),
('HĂșsimĂĄdĂł', 1, '2005-11-22 18:22:00', '2005-11-23 11:24:00'),
('Viking', 1, '2005-11-22 18:38:00', '2005-11-23 11:34:00'),
('Mixi', 1, '2005-11-22 18:51:00', '2005-11-23 11:42:00'),
('HĂșsimĂĄdĂł', 1, '2005-11-22 19:28:00', '2005-11-23 12:12:00'),
('HĂșsimĂĄdĂł', 1, '2005-11-22 19:51:00', '2005-11-23 12:43:00'),
('Inyenc', 1, '2005-11-22 20:02:00', '2005-11-23 13:28:00'),
('Mixi', 1, '2005-11-22 20:26:00', '2005-11-23 13:41:00'),
('HĂșsimĂĄdĂł', 1, '2005-11-22 20:34:00', '2005-11-23 14:14:00'),
('HĂșsimĂĄdĂł', 1, '2005-11-22 21:05:00', '2005-11-23 14:52:00'),
('Viking', 1, '2005-11-22 21:36:00', '2005-11-23 15:05:00'),
('Mixi', 1, '2005-11-22 22:03:00', '2005-11-23 15:16:00'),
('HĂșsimĂĄdĂł', 1, '2005-11-22 22:56:00', '2005-11-23 15:42:00'),
('HĂșsimĂĄdĂł', 1, '2005-11-23 11:26:00', '2005-11-23 16:11:00'),
('Inyenc', 1, '2005-11-23 12:04:00', '2005-11-23 16:26:00'),
('Mixi', 1, '2005-11-23 12:44:00', '2005-11-23 17:02:00'),
('HĂșsimĂĄdĂł', 1, '2005-11-23 13:16:00', '2005-11-23 17:31:00'),
('HĂșsimĂĄdĂł', 1, '2005-11-23 13:21:00', '2005-11-23 17:35:00'),
('Viking', 1, '2005-11-23 14:11:00', '2005-11-23 18:08:00'),
('Mixi', 1, '2005-11-23 14:26:00', '2005-11-23 18:22:00'),
('HĂșsimĂĄdĂł', 1, '2005-11-23 15:05:00', '2005-11-23 18:38:00'),
('HĂșsimĂĄdĂł', 1, '2005-11-23 15:28:00', '2005-11-23 18:51:00'),
('Inyenc', 1, '2005-11-23 15:53:00', '2005-11-23 19:28:00'),
('Mixi', 1, '2005-11-23 16:08:00', '2005-11-23 19:51:00'),
('HĂșsimĂĄdĂł', 1, '2005-11-23 16:25:00', '2005-11-23 20:02:00'),
('HĂșsimĂĄdĂł', 1, '2005-11-23 16:53:00', '2005-11-23 20:26:00'),
('Viking', 1, '2005-11-23 17:28:00', '2005-11-23 20:34:00'),
('Mixi', 1, '2005-11-23 17:51:00', '2005-11-23 21:05:00'),
('HĂșsimĂĄdĂł', 1, '2005-11-23 18:03:00', '2005-11-23 21:36:00'),
('HĂșsimĂĄdĂł', 1, '2005-11-23 18:26:00', '2005-11-23 22:03:00'),
('Inyenc', 1, '2005-11-23 18:31:00', '2005-11-23 22:56:00'),
('Mixi', 1, '2005-11-23 18:41:00', '2005-11-24 11:26:00'),
('HĂșsimĂĄdĂł', 1, '2005-11-23 18:43:00', '2005-11-24 12:04:00'),
('HĂșsimĂĄdĂł', 1, '2005-11-23 18:52:00', '2005-11-24 12:44:00'),
('Viking', 1, '2005-11-23 18:59:00', '2005-11-24 13:16:00'),
('Mixi', 1, '2005-11-23 19:03:00', '2005-11-24 13:21:00'),
('HĂșsimĂĄdĂł', 1, '2005-11-23 19:25:00', '2005-11-24 14:11:00'),
('HĂșsimĂĄdĂł', 1, '2005-11-23 19:43:00', '2005-11-24 14:26:00'),
('Inyenc', 1, '2005-11-23 20:08:00', '2005-11-24 15:05:00'),
('Mixi', 1, '2005-11-23 20:22:00', '2005-11-24 15:28:00'),
('HĂșsimĂĄdĂł', 1, '2005-11-23 20:25:00', '2005-11-24 15:53:00'),
('HĂșsimĂĄdĂł', 1, '2005-11-23 21:03:00', '2005-11-24 16:08:00'),
('Viking', 1, '2005-11-23 21:08:00', '2005-11-24 16:25:00'),
('Mixi', 1, '2005-11-23 21:28:00', '2005-11-24 16:53:00'),
('HĂșsimĂĄdĂł', 1, '2005-11-23 21:44:00', '2005-11-24 17:28:00'),
('HĂșsimĂĄdĂł', 1, '2005-11-23 22:04:00', '2005-11-24 17:51:00'),
('Inyenc', 1, '2005-11-23 22:30:00', '2005-11-24 18:03:00'),
('Mixi', 1, '2005-11-23 22:42:00', '2005-11-24 18:26:00'),
('HĂșsimĂĄdĂł', 1, '2005-11-23 23:05:00', '2005-11-24 18:31:00'),
('HĂșsimĂĄdĂł', 1, '2005-11-23 23:36:00', '2005-11-24 18:41:00'),
('Viking', 1, '2005-11-24 00:03:00', '2005-11-24 18:43:00'),
('Mixi', 1, '2005-11-24 00:05:00', '2005-11-24 18:52:00'),
('HĂșsimĂĄdĂł', 1, '2005-11-24 00:23:00', '2005-11-24 18:59:00'),
('HĂșsimĂĄdĂł', 1, '2005-11-24 11:21:00', '2005-11-24 19:03:00'),
('Inyenc', 1, '2005-11-24 11:41:00', '2005-11-24 19:25:00'),
('Mixi', 1, '2005-11-24 12:38:00', '2005-11-24 19:43:00'),
('HĂșsimĂĄdĂł', 1, '2005-11-24 13:18:00', '2005-11-24 20:08:00'),
('HĂșsimĂĄdĂł', 1, '2005-11-24 13:44:00', '2005-11-24 20:22:00'),
('Viking', 1, '2005-11-24 14:10:00', '2005-11-24 20:25:00'),
('Mixi', 1, '2005-11-24 14:20:00', '2005-11-24 21:03:00'),
('HĂșsimĂĄdĂł', 1, '2005-11-24 14:51:00', '2005-11-24 21:08:00'),
('HĂșsimĂĄdĂł', 1, '2005-11-24 15:13:00', '2005-11-24 21:28:00'),
('Inyenc', 1, '2005-11-24 15:35:00', '2005-11-24 21:44:00'),
('Mixi', 1, '2005-11-24 16:08:00', '2005-11-24 22:04:00'),
('HĂșsimĂĄdĂł', 1, '2005-11-24 16:16:00', '2005-11-24 22:51:00'),
('HĂșsimĂĄdĂł', 1, '2005-11-24 16:32:00', '2005-11-24 23:32:00'),
('Viking', 1, '2005-11-24 17:28:00', '2005-11-24 23:33:00'),
('Mixi', 1, '2005-11-24 17:34:00', '2005-11-25 00:10:00'),
('HĂșsimĂĄdĂł', 1, '2005-11-24 18:02:00', '2005-11-25 11:24:00'),
('HĂșsimĂĄdĂł', 1, '2005-11-24 18:03:00', '2005-11-25 11:34:00'),
('Inyenc', 1, '2005-11-24 18:18:00', '2005-11-25 11:42:00'),
('Mixi', 1, '2005-11-24 18:31:00', '2005-11-25 12:12:00'),
('HĂșsimĂĄdĂł', 1, '2005-11-24 18:36:00', '2005-11-25 12:43:00'),
('HĂșsimĂĄdĂł', 1, '2005-11-24 18:52:00', '2005-11-25 13:28:00'),
('Viking', 1, '2005-11-24 19:25:00', '2005-11-25 13:41:00'),
('Mixi', 1, '2005-11-24 19:35:00', '2005-11-25 14:14:00'),
('HĂșsimĂĄdĂł', 1, '2005-11-24 19:43:00', '2005-11-25 14:52:00'),
('HĂșsimĂĄdĂł', 1, '2005-11-24 20:22:00', '2005-11-25 15:05:00'),
('Inyenc', 1, '2005-11-24 20:41:00', '2005-11-25 15:16:00'),
('Mixi', 1, '2005-11-24 21:03:00', '2005-11-25 15:42:00'),
('HĂșsimĂĄdĂł', 1, '2005-11-24 21:26:00', '2005-11-25 16:11:00'),
('HĂșsimĂĄdĂł', 1, '2005-11-24 21:44:00', '2005-11-25 16:26:00'),
('Viking', 1, '2005-11-24 22:04:00', '2005-11-25 17:02:00'),
('Mixi', 1, '2005-11-24 22:51:00', '2005-11-25 17:31:00'),
('HĂșsimĂĄdĂł', 1, '2005-11-24 23:32:00', '2005-11-25 17:35:00'),
('HĂșsimĂĄdĂł', 1, '2005-11-24 23:33:00', '2005-11-25 18:08:00'),
('Inyenc', 1, '2005-11-25 00:10:00', '2005-11-25 18:22:00'),
('Mixi', 1, '2005-11-25 11:24:00', '2005-11-25 18:38:00'),
('HĂșsimĂĄdĂł', 1, '2005-11-25 11:34:00', '2005-11-25 18:51:00'),
('HĂșsimĂĄdĂł', 1, '2005-11-25 11:42:00', '2005-11-25 19:28:00'),
('Viking', 1, '2005-11-25 12:12:00', '2005-11-25 19:51:00'),
('Mixi', 1, '2005-11-25 12:43:00', '2005-11-25 20:02:00'),
('HĂșsimĂĄdĂł', 1, '2005-11-25 13:28:00', '2005-11-25 20:26:00'),
('HĂșsimĂĄdĂł', 1, '2005-11-25 13:41:00', '2005-11-25 20:34:00'),
('Inyenc', 1, '2005-11-25 14:14:00', '2005-11-25 21:05:00'),
('Mixi', 1, '2005-11-25 14:52:00', '2005-11-25 21:36:00'),
('HĂșsimĂĄdĂł', 1, '2005-11-25 15:05:00', '2005-11-25 22:03:00'),
('HĂșsimĂĄdĂł', 1, '2005-11-25 15:16:00', '2005-11-25 22:56:00'),
('Viking', 1, '2005-11-25 15:42:00', '2005-11-26 11:26:00'),
('Mixi', 1, '2005-11-25 16:11:00', '2005-11-26 12:04:00'),
('HĂșsimĂĄdĂł', 1, '2005-11-25 16:26:00', '2005-11-26 12:44:00'),
('HĂșsimĂĄdĂł', 1, '2005-11-25 17:02:00', '2005-11-26 13:16:00'),
('Inyenc', 1, '2005-11-25 17:31:00', '2005-11-26 13:21:00'),
('Mixi', 1, '2005-11-25 17:35:00', '2005-11-26 14:11:00'),
('HĂșsimĂĄdĂł', 1, '2005-11-25 18:08:00', '2005-11-26 14:26:00'),
('HĂșsimĂĄdĂł', 1, '2005-11-25 18:22:00', '2005-11-26 15:05:00'),
('Viking', 1, '2005-11-25 18:38:00', '2005-11-26 15:28:00'),
('Mixi', 1, '2005-11-25 18:51:00', '2005-11-26 15:53:00'),
('HĂșsimĂĄdĂł', 1, '2005-11-25 19:28:00', '2005-11-26 16:08:00'),
('HĂșsimĂĄdĂł', 1, '2005-11-25 19:51:00', '2005-11-26 16:25:00'),
('Inyenc', 1, '2005-11-25 20:02:00', '2005-11-26 16:53:00'),
('Mixi', 1, '2005-11-25 20:26:00', '2005-11-26 17:28:00'),
('HĂșsimĂĄdĂł', 1, '2005-11-25 20:34:00', '2005-11-26 17:51:00'),
('HĂșsimĂĄdĂł', 1, '2005-11-25 21:05:00', '2005-11-26 18:03:00'),
('Viking', 1, '2005-11-25 21:36:00', '2005-11-26 18:26:00'),
('Mixi', 1, '2005-11-25 22:03:00', '2005-11-26 18:31:00'),
('HĂșsimĂĄdĂł', 1, '2005-11-25 22:56:00', '2005-11-26 18:41:00'),
('HĂșsimĂĄdĂł', 1, '2005-11-26 11:26:00', '2005-11-26 18:43:00'),
('Inyenc', 1, '2005-11-26 12:04:00', '2005-11-26 18:52:00'),
('Mixi', 1, '2005-11-26 12:44:00', '2005-11-26 18:59:00'),
('HĂșsimĂĄdĂł', 1, '2005-11-26 13:16:00', '2005-11-26 19:03:00'),
('HĂșsimĂĄdĂł', 1, '2005-11-26 13:21:00', '2005-11-26 19:25:00'),
('Viking', 1, '2005-11-26 14:11:00', '2005-11-26 19:43:00'),
('Mixi', 1, '2005-11-26 14:26:00', '2005-11-26 20:08:00'),
('HĂșsimĂĄdĂł', 1, '2005-11-26 15:05:00', '2005-11-26 20:22:00'),
('HĂșsimĂĄdĂł', 1, '2005-11-26 15:28:00', '2005-11-26 20:25:00'),
('Inyenc', 1, '2005-11-26 15:53:00', '2005-11-26 21:03:00'),
('Mixi', 1, '2005-11-26 16:08:00', '2005-11-26 21:08:00'),
('HĂșsimĂĄdĂł', 1, '2005-11-26 16:25:00', '2005-11-26 21:28:00'),
('HĂșsimĂĄdĂł', 1, '2005-11-26 16:53:00', '2005-11-26 21:44:00'),
('Viking', 1, '2005-11-26 17:28:00', '2005-11-26 22:04:00'),
('Mixi', 1, '2005-11-26 17:51:00', '2005-11-26 22:51:00'),
('HĂșsimĂĄdĂł', 1, '2005-11-26 18:03:00', '2005-11-26 23:32:00'),
('HĂșsimĂĄdĂł', 1, '2005-11-26 18:26:00', '2005-11-26 23:33:00'),
('Inyenc', 1, '2005-11-26 18:31:00', '2005-11-27 00:10:00'),
('Mixi', 1, '2005-11-26 18:41:00', '2005-11-27 11:24:00'),
('HĂșsimĂĄdĂł', 1, '2005-11-26 18:43:00', '2005-11-27 11:34:00'),
('HĂșsimĂĄdĂł', 1, '2005-11-26 18:52:00', '2005-11-27 11:42:00'),
('Viking', 1, '2005-11-26 18:59:00', '2005-11-27 12:12:00'),
('Mixi', 1, '2005-11-26 19:03:00', '2005-11-27 12:43:00'),
('HĂșsimĂĄdĂł', 1, '2005-11-26 19:25:00', '2005-11-27 13:28:00'),
('HĂșsimĂĄdĂł', 1, '2005-11-26 19:43:00', '2005-11-27 13:41:00'),
('Inyenc', 1, '2005-11-26 20:08:00', '2005-11-27 14:14:00'),
('Mixi', 1, '2005-11-26 20:22:00', '2005-11-27 14:52:00'),
('HĂșsimĂĄdĂł', 1, '2005-11-26 20:25:00', '2005-11-27 15:05:00'),
('HĂșsimĂĄdĂł', 1, '2005-11-26 21:03:00', '2005-11-27 15:16:00'),
('Viking', 1, '2005-11-26 21:08:00', '2005-11-27 15:42:00'),
('Mixi', 1, '2005-11-26 21:28:00', '2005-11-27 16:11:00'),
('HĂșsimĂĄdĂł', 1, '2005-11-26 21:44:00', '2005-11-27 16:26:00'),
('HĂșsimĂĄdĂł', 1, '2005-11-26 22:04:00', '2005-11-27 17:02:00'),
('Inyenc', 1, '2005-11-26 22:30:00', '2005-11-27 17:31:00'),
('Mixi', 1, '2005-11-26 22:42:00', '2005-11-27 17:35:00'),
('HĂșsimĂĄdĂł', 1, '2005-11-26 23:05:00', '2005-11-27 18:08:00'),
('HĂșsimĂĄdĂł', 1, '2005-11-26 23:36:00', '2005-11-27 18:22:00'),
('Viking', 1, '2005-11-27 00:03:00', '2005-11-27 18:38:00'),
('Mixi', 1, '2005-11-27 00:05:00', '2005-11-27 18:51:00'),
('HĂșsimĂĄdĂł', 1, '2005-11-27 00:23:00', '2005-11-27 19:28:00'),
('HĂșsimĂĄdĂł', 1, '2005-11-27 11:21:00', '2005-11-27 19:51:00'),
('Inyenc', 1, '2005-11-27 11:41:00', '2005-11-27 20:02:00'),
('Mixi', 1, '2005-11-27 12:38:00', '2005-11-27 20:26:00'),
('HĂșsimĂĄdĂł', 1, '2005-11-27 13:18:00', '2005-11-27 20:34:00'),
('HĂșsimĂĄdĂł', 1, '2005-11-27 13:44:00', '2005-11-27 21:05:00'),
('Viking', 1, '2005-11-27 14:10:00', '2005-11-27 21:36:00'),
('Mixi', 1, '2005-11-27 14:20:00', '2005-11-27 22:03:00'),
('HĂșsimĂĄdĂł', 1, '2005-11-27 14:51:00', '2005-11-27 22:56:00'),
('HĂșsimĂĄdĂł', 1, '2005-11-27 15:13:00', '2005-11-28 11:26:00'),
('Inyenc', 1, '2005-11-27 15:35:00', '2005-11-28 12:04:00'),
('Mixi', 1, '2005-11-27 16:08:00', '2005-11-28 12:44:00'),
('HĂșsimĂĄdĂł', 1, '2005-11-27 16:16:00', '2005-11-28 13:16:00'),
('HĂșsimĂĄdĂł', 1, '2005-11-27 16:32:00', '2005-11-28 13:21:00'),
('Viking', 1, '2005-11-27 17:28:00', '2005-11-28 14:11:00'),
('Mixi', 1, '2005-11-27 17:34:00', '2005-11-28 14:26:00'),
('HĂșsimĂĄdĂł', 1, '2005-11-27 18:02:00', '2005-11-28 15:05:00'),
('HĂșsimĂĄdĂł', 1, '2005-11-27 18:03:00', '2005-11-28 15:28:00'),
('Inyenc', 1, '2005-11-27 18:18:00', '2005-11-28 15:53:00'),
('Mixi', 1, '2005-11-27 18:31:00', '2005-11-28 16:08:00'),
('HĂșsimĂĄdĂł', 1, '2005-11-27 18:36:00', '2005-11-28 16:25:00'),
('HĂșsimĂĄdĂł', 1, '2005-11-27 18:52:00', '2005-11-28 16:53:00'),
('Viking', 1, '2005-11-27 19:25:00', '2005-11-28 17:28:00'),
('Mixi', 1, '2005-11-27 19:35:00', '2005-11-28 17:51:00'),
('HĂșsimĂĄdĂł', 1, '2005-11-27 19:43:00', '2005-11-28 18:03:00'),
('HĂșsimĂĄdĂł', 1, '2005-11-27 20:22:00', '2005-11-28 18:26:00'),
('Inyenc', 1, '2005-11-27 20:41:00', '2005-11-28 18:31:00'),
('Mixi', 1, '2005-11-27 21:03:00', '2005-11-28 18:41:00'),
('HĂșsimĂĄdĂł', 1, '2005-11-27 21:26:00', '2005-11-28 18:43:00'),
('HĂșsimĂĄdĂł', 1, '2005-11-27 21:44:00', '2005-11-28 18:52:00'),
('Viking', 1, '2005-11-27 22:04:00', '2005-11-28 18:59:00'),
('Mixi', 1, '2005-11-27 22:51:00', '2005-11-28 19:03:00'),
('HĂșsimĂĄdĂł', 1, '2005-11-27 23:32:00', '2005-11-28 19:25:00'),
('HĂșsimĂĄdĂł', 1, '2005-11-27 23:33:00', '2005-11-28 19:43:00'),
('Inyenc', 1, '2005-11-28 00:10:00', '2005-11-28 20:08:00'),
('Mixi', 1, '2005-11-28 11:24:00', '2005-11-28 20:22:00'),
('HĂșsimĂĄdĂł', 1, '2005-11-28 11:34:00', '2005-11-28 20:25:00'),
('HĂșsimĂĄdĂł', 1, '2005-11-28 11:42:00', '2005-11-28 21:03:00'),
('Viking', 1, '2005-11-28 12:12:00', '2005-11-28 21:08:00'),
('Mixi', 1, '2005-11-28 12:43:00', '2005-11-28 21:28:00'),
('HĂșsimĂĄdĂł', 1, '2005-11-28 13:28:00', '2005-11-28 21:44:00'),
('HĂșsimĂĄdĂł', 1, '2005-11-28 13:41:00', '2005-11-28 22:04:00'),
('Inyenc', 1, '2005-11-28 14:14:00', '2005-11-28 22:51:00'),
('Mixi', 1, '2005-11-28 14:52:00', '2005-11-28 23:32:00'),
('HĂșsimĂĄdĂł', 1, '2005-11-28 15:05:00', '2005-11-28 23:33:00'),
('HĂșsimĂĄdĂł', 1, '2005-11-28 15:16:00', '2005-11-29 00:10:00'),
('Viking', 1, '2005-11-28 15:42:00', '2005-11-29 11:24:00'),
('Mixi', 1, '2005-11-28 16:11:00', '2005-11-29 11:34:00'),
('HĂșsimĂĄdĂł', 1, '2005-11-28 16:26:00', '2005-11-29 11:42:00'),
('HĂșsimĂĄdĂł', 1, '2005-11-28 17:02:00', '2005-11-29 12:12:00'),
('Inyenc', 1, '2005-11-28 17:31:00', '2005-11-29 12:43:00'),
('Mixi', 1, '2005-11-28 17:35:00', '2005-11-29 13:28:00'),
('HĂșsimĂĄdĂł', 1, '2005-11-28 18:08:00', '2005-11-29 13:41:00'),
('HĂșsimĂĄdĂł', 1, '2005-11-28 18:22:00', '2005-11-29 14:14:00'),
('Viking', 1, '2005-11-28 18:38:00', '2005-11-29 14:52:00'),
('Mixi', 1, '2005-11-28 18:51:00', '2005-11-29 15:05:00'),
('HĂșsimĂĄdĂł', 1, '2005-11-28 19:28:00', '2005-11-29 15:16:00'),
('HĂșsimĂĄdĂł', 1, '2005-11-28 19:51:00', '2005-11-29 15:42:00'),
('Inyenc', 1, '2005-11-28 20:02:00', '2005-11-29 16:11:00'),
('Mixi', 1, '2005-11-28 20:26:00', '2005-11-29 16:26:00'),
('HĂșsimĂĄdĂł', 1, '2005-11-28 20:34:00', '2005-11-29 17:02:00'),
('HĂșsimĂĄdĂł', 1, '2005-11-28 21:05:00', '2005-11-29 17:31:00'),
('Viking', 1, '2005-11-28 21:36:00', '2005-11-29 17:35:00'),
('Mixi', 1, '2005-11-28 22:03:00', '2005-11-29 18:08:00'),
('HĂșsimĂĄdĂł', 1, '2005-11-28 22:56:00', '2005-11-29 18:22:00'),
('HĂșsimĂĄdĂł', 1, '2005-11-29 11:26:00', '2005-11-29 18:38:00'),
('Inyenc', 1, '2005-11-29 12:04:00', '2005-11-29 18:51:00'),
('Mixi', 1, '2005-11-29 12:44:00', '2005-11-29 19:28:00'),
('HĂșsimĂĄdĂł', 1, '2005-11-29 13:16:00', '2005-11-29 19:51:00'),
('HĂșsimĂĄdĂł', 1, '2005-11-29 13:21:00', '2005-11-29 20:02:00'),
('Viking', 1, '2005-11-29 14:11:00', '2005-11-29 20:26:00'),
('Mixi', 1, '2005-11-29 14:26:00', '2005-11-29 20:34:00'),
('HĂșsimĂĄdĂł', 1, '2005-11-29 15:05:00', '2005-11-29 21:05:00'),
('HĂșsimĂĄdĂł', 1, '2005-11-29 15:28:00', '2005-11-29 21:36:00'),
('Inyenc', 1, '2005-11-29 15:53:00', '2005-11-29 22:03:00'),
('Mixi', 1, '2005-11-29 16:08:00', '2005-11-29 22:56:00'),
('HĂșsimĂĄdĂł', 1, '2005-11-29 16:25:00', '2005-11-30 11:26:00'),
('HĂșsimĂĄdĂł', 1, '2005-11-29 16:53:00', '2005-11-30 12:04:00'),
('Viking', 1, '2005-11-29 17:28:00', '2005-11-30 12:44:00'),
('Mixi', 1, '2005-11-29 17:51:00', '2005-11-30 13:16:00'),
('HĂșsimĂĄdĂł', 1, '2005-11-29 18:03:00', '2005-11-30 13:21:00'),
('HĂșsimĂĄdĂł', 1, '2005-11-29 18:26:00', '2005-11-30 14:11:00'),
('Inyenc', 1, '2005-11-29 18:31:00', '2005-11-30 14:26:00'),
('Mixi', 1, '2005-11-29 18:41:00', '2005-11-30 15:05:00'),
('HĂșsimĂĄdĂł', 1, '2005-11-29 18:43:00', '2005-11-30 15:28:00'),
('HĂșsimĂĄdĂł', 1, '2005-11-29 18:52:00', '2005-11-30 15:53:00'),
('Viking', 1, '2005-11-29 18:59:00', '2005-11-30 16:08:00'),
('Mixi', 1, '2005-11-29 19:03:00', '2005-11-30 16:25:00'),
('HĂșsimĂĄdĂł', 1, '2005-11-29 19:25:00', '2005-11-30 16:53:00'),
('HĂșsimĂĄdĂł', 1, '2005-11-29 19:43:00', '2005-11-30 17:28:00'),
('Inyenc', 1, '2005-11-29 20:08:00', '2005-11-30 17:51:00'),
('Mixi', 1, '2005-11-29 20:22:00', '2005-11-30 18:03:00'),
('HĂșsimĂĄdĂł', 1, '2005-11-29 20:25:00', '2005-11-30 18:26:00'),
('HĂșsimĂĄdĂł', 1, '2005-11-29 21:03:00', '2005-11-30 18:31:00'),
('Viking', 1, '2005-11-29 21:08:00', '2005-11-30 18:41:00'),
('Mixi', 1, '2005-11-29 21:28:00', '2005-11-30 18:43:00'),
('HĂșsimĂĄdĂł', 1, '2005-11-29 21:44:00', '2005-11-30 18:52:00'),
('HĂșsimĂĄdĂł', 1, '2005-11-29 22:04:00', '2005-11-30 18:59:00'),
('Inyenc', 1, '2005-11-29 22:30:00', '2005-11-30 19:03:00'),
('Mixi', 1, '2005-11-29 22:42:00', '2005-11-30 19:25:00'),
('HĂșsimĂĄdĂł', 1, '2005-11-29 23:05:00', '2005-11-30 19:43:00'),
('HĂșsimĂĄdĂł', 1, '2005-11-29 23:36:00', '2005-11-30 20:08:00'),
('Viking', 1, '2005-11-30 00:03:00', '2005-11-30 20:22:00'),
('Mixi', 1, '2005-11-30 00:05:00', '2005-11-30 20:25:00'),
('HĂșsimĂĄdĂł', 1, '2005-11-30 00:23:00', '2005-11-30 21:03:00'),
('HĂșsimĂĄdĂł', 1, '2005-11-30 11:21:00', '2005-11-30 21:08:00'),
('Inyenc', 1, '2005-11-30 11:41:00', '2005-11-30 21:28:00'),
('Mixi', 1, '2005-11-30 12:38:00', '2005-11-30 21:44:00'),
('HĂșsimĂĄdĂł', 1, '2005-11-30 13:18:00', '2005-11-30 22:04:00'),
('HĂșsimĂĄdĂł', 1, '2005-11-30 13:44:00', '2005-11-30 22:56:00'),
('Viking', 1, '2005-11-30 14:10:00', '2005-11-30 23:32:00'),
('Mixi', 1, '2005-11-30 14:20:00', '2005-11-30 23:33:00'),
('HĂșsimĂĄdĂł', 1, '2005-11-30 14:51:00', '2005-12-01 00:10:00'),
('HĂșsimĂĄdĂł', 1, '2005-11-30 15:13:00', '2005-12-01 11:24:00'),
('Inyenc', 1, '2005-11-30 15:35:00', '2005-12-01 11:34:00'),
('Mixi', 1, '2005-11-30 16:08:00', '2005-12-01 11:42:00'),
('HĂșsimĂĄdĂł', 1, '2005-11-30 16:16:00', '2005-12-01 12:12:00'),
('HĂșsimĂĄdĂł', 1, '2005-11-30 16:32:00', '2005-12-01 12:43:00'),
('Viking', 1, '2005-11-30 17:28:00', '2005-12-01 13:28:00'),
('Mixi', 1, '2005-11-30 17:34:00', '2005-12-01 13:41:00'),
('HĂșsimĂĄdĂł', 1, '2005-11-30 18:02:00', '2005-12-01 14:14:00'),
('HĂșsimĂĄdĂł', 1, '2005-11-30 18:03:00', '2005-12-01 14:52:00'),
('Inyenc', 1, '2005-11-30 18:18:00', '2005-12-01 15:05:00'),
('Mixi', 1, '2005-11-30 18:31:00', '2005-12-01 15:16:00'),
('HĂșsimĂĄdĂł', 1, '2005-11-30 18:36:00', '2005-12-01 15:42:00'),
('HĂșsimĂĄdĂł', 1, '2005-11-30 18:52:00', '2005-12-01 16:11:00'),
('Viking', 1, '2005-11-30 19:25:00', '2005-12-01 16:26:00'),
('Mixi', 1, '2005-11-30 19:35:00', '2005-12-01 17:02:00'),
('HĂșsimĂĄdĂł', 1, '2005-11-30 19:43:00', '2005-12-01 17:31:00'),
('HĂșsimĂĄdĂł', 1, '2005-11-30 20:22:00', '2005-12-01 17:35:00'),
('Inyenc', 1, '2005-11-30 20:41:00', '2005-12-01 18:08:00'),
('Mixi', 1, '2005-11-30 21:03:00', '2005-12-01 18:22:00'),
('HĂșsimĂĄdĂł', 1, '2005-11-30 21:26:00', '2005-12-01 18:38:00'),
('HĂșsimĂĄdĂł', 1, '2005-11-30 21:44:00', '2005-12-01 18:51:00'),
('Viking', 1, '2005-11-30 22:04:00', '2005-12-01 19:28:00'),
('Mixi', 1, '2005-11-30 22:51:00', '2005-12-01 19:51:00'),
('HĂșsimĂĄdĂł', 1, '2005-11-30 23:32:00', '2005-12-01 20:02:00'),
('HĂșsimĂĄdĂł', 1, '2005-11-30 23:33:00', '2005-12-01 20:26:00'),
('Inyenc', 1, '2005-12-01 00:10:00', '2005-12-01 20:34:00'),
('Mixi', 1, '2005-12-01 11:24:00', '2005-12-01 21:05:00'),
('HĂșsimĂĄdĂł', 1, '2005-12-01 11:34:00', '2005-12-01 21:36:00'),
('HĂșsimĂĄdĂł', 1, '2005-12-01 11:42:00', '2005-12-01 22:03:00'),
('Viking', 1, '2005-12-01 12:12:00', '2005-12-01 22:56:00'),
('Mixi', 1, '2005-12-01 12:43:00', '2005-12-02 11:26:00'),
('HĂșsimĂĄdĂł', 1, '2005-12-01 13:28:00', '2005-12-02 12:04:00'),
('HĂșsimĂĄdĂł', 1, '2005-12-01 13:41:00', '2005-12-02 12:44:00'),
('Inyenc', 1, '2005-12-01 14:14:00', '2005-12-02 13:16:00'),
('Mixi', 1, '2005-12-01 14:52:00', '2005-12-02 13:21:00'),
('HĂșsimĂĄdĂł', 1, '2005-12-01 15:05:00', '2005-12-02 14:11:00'),
('HĂșsimĂĄdĂł', 1, '2005-12-01 15:16:00', '2005-12-02 14:26:00'),
('Viking', 1, '2005-12-01 15:42:00', '2005-12-02 15:05:00'),
('Mixi', 1, '2005-12-01 16:11:00', '2005-12-02 15:28:00'),
('HĂșsimĂĄdĂł', 1, '2005-12-01 16:26:00', '2005-12-02 15:53:00'),
('HĂșsimĂĄdĂł', 1, '2005-12-01 17:02:00', '2005-12-02 16:08:00'),
('Inyenc', 1, '2005-12-01 17:31:00', '2005-12-02 16:25:00'),
('Mixi', 1, '2005-12-01 17:35:00', '2005-12-02 16:53:00'),
('HĂșsimĂĄdĂł', 1, '2005-12-01 18:08:00', '2005-12-02 17:28:00'),
('HĂșsimĂĄdĂł', 1, '2005-12-01 18:22:00', '2005-12-02 17:51:00'),
('Viking', 1, '2005-12-01 18:38:00', '2005-12-02 18:03:00'),
('Mixi', 1, '2005-12-01 18:51:00', '2005-12-02 18:26:00'),
('HĂșsimĂĄdĂł', 1, '2005-12-01 19:28:00', '2005-12-02 18:31:00'),
('HĂșsimĂĄdĂł', 1, '2005-12-01 19:51:00', '2005-12-02 18:41:00'),
('Inyenc', 1, '2005-12-01 20:02:00', '2005-12-02 18:43:00'),
('Mixi', 1, '2005-12-01 20:26:00', '2005-12-02 18:52:00'),
('HĂșsimĂĄdĂł', 1, '2005-12-01 20:34:00', '2005-12-02 18:59:00'),
('HĂșsimĂĄdĂł', 1, '2005-12-01 21:05:00', '2005-12-02 19:03:00'),
('Viking', 1, '2005-12-01 21:36:00', '2005-12-02 19:25:00'),
('Mixi', 1, '2005-12-01 22:03:00', '2005-12-02 19:43:00'),
('HĂșsimĂĄdĂł', 1, '2005-12-01 22:56:00', '2005-12-02 20:08:00'),
('HĂșsimĂĄdĂł', 1, '2005-12-02 11:26:00', '2005-12-02 20:22:00'),
('Inyenc', 1, '2005-12-02 12:04:00', '2005-12-02 20:25:00'),
('Mixi', 1, '2005-12-02 12:44:00', '2005-12-02 21:03:00'),
('HĂșsimĂĄdĂł', 1, '2005-12-02 13:16:00', '2005-12-02 21:08:00'),
('HĂșsimĂĄdĂł', 1, '2005-12-02 13:21:00', '2005-12-02 21:28:00'),
('Viking', 1, '2005-12-02 14:11:00', '2005-12-02 21:44:00'),
('Mixi', 1, '2005-12-02 14:26:00', '2005-12-02 22:04:00'),
('HĂșsimĂĄdĂł', 1, '2005-12-02 15:05:00', '2005-12-02 22:51:00'),
('HĂșsimĂĄdĂł', 1, '2005-12-02 15:28:00', '2005-12-02 23:32:00'),
('Inyenc', 1, '2005-12-02 15:53:00', '2005-12-02 23:33:00'),
('Mixi', 1, '2005-12-02 16:08:00', '2005-12-03 00:10:00'),
('HĂșsimĂĄdĂł', 1, '2005-12-02 16:25:00', '2005-12-03 11:24:00'),
('HĂșsimĂĄdĂł', 1, '2005-12-02 16:53:00', '2005-12-03 11:34:00'),
('Viking', 1, '2005-12-02 17:28:00', '2005-12-03 11:42:00'),
('Mixi', 1, '2005-12-02 17:51:00', '2005-12-03 12:12:00'),
('HĂșsimĂĄdĂł', 1, '2005-12-02 18:03:00', '2005-12-03 12:43:00'),
('HĂșsimĂĄdĂł', 1, '2005-12-02 18:26:00', '2005-12-03 13:28:00'),
('Inyenc', 1, '2005-12-02 18:31:00', '2005-12-03 13:41:00'),
('Mixi', 1, '2005-12-02 18:41:00', '2005-12-03 14:14:00'),
('HĂșsimĂĄdĂł', 1, '2005-12-02 18:43:00', '2005-12-03 14:52:00'),
('HĂșsimĂĄdĂł', 1, '2005-12-02 18:52:00', '2005-12-03 15:05:00'),
('Viking', 1, '2005-12-02 18:59:00', '2005-12-03 15:16:00'),
('Mixi', 1, '2005-12-02 19:03:00', '2005-12-03 15:42:00'),
('HĂșsimĂĄdĂł', 1, '2005-12-02 19:25:00', '2005-12-03 16:11:00'),
('HĂșsimĂĄdĂł', 1, '2005-12-02 19:43:00', '2005-12-03 16:26:00'),
('Inyenc', 1, '2005-12-02 20:08:00', '2005-12-03 17:02:00'),
('Mixi', 1, '2005-12-02 20:22:00', '2005-12-03 17:31:00'),
('HĂșsimĂĄdĂł', 1, '2005-12-02 20:25:00', '2005-12-03 17:35:00'),
('HĂșsimĂĄdĂł', 1, '2005-12-02 21:03:00', '2005-12-03 18:08:00'),
('Viking', 1, '2005-12-02 21:08:00', '2005-12-03 18:22:00'),
('Mixi', 1, '2005-12-02 21:28:00', '2005-12-03 18:38:00'),
('HĂșsimĂĄdĂł', 1, '2005-12-02 21:44:00', '2005-12-03 18:51:00'),
('HĂșsimĂĄdĂł', 1, '2005-12-02 22:04:00', '2005-12-03 19:28:00'),
('Inyenc', 1, '2005-12-02 22:30:00', '2005-12-03 19:51:00'),
('Mixi', 1, '2005-12-02 22:42:00', '2005-12-03 20:02:00'),
('HĂșsimĂĄdĂł', 1, '2005-12-02 23:05:00', '2005-12-03 20:26:00'),
('HĂșsimĂĄdĂł', 1, '2005-12-02 23:36:00', '2005-12-03 20:34:00'),
('Viking', 1, '2005-12-03 00:03:00', '2005-12-03 21:05:00'),
('Mixi', 1, '2005-12-03 00:05:00', '2005-12-03 21:36:00'),
('HĂșsimĂĄdĂł', 1, '2005-12-03 00:23:00', '2005-12-03 22:03:00'),
('HĂșsimĂĄdĂł', 1, '2005-12-03 11:21:00', '2005-12-03 22:56:00'),
('Inyenc', 1, '2005-12-03 11:41:00', '2005-12-04 11:26:00'),
('Mixi', 1, '2005-12-03 12:38:00', '2005-12-04 12:04:00'),
('HĂșsimĂĄdĂł', 1, '2005-12-03 13:18:00', '2005-12-04 12:44:00'),
('HĂșsimĂĄdĂł', 1, '2005-12-03 13:44:00', '2005-12-04 13:16:00'),
('Viking', 1, '2005-12-03 14:10:00', '2005-12-04 13:21:00'),
('Mixi', 1, '2005-12-03 14:20:00', '2005-12-04 14:11:00'),
('HĂșsimĂĄdĂł', 1, '2005-12-03 14:51:00', '2005-12-04 14:26:00'),
('HĂșsimĂĄdĂł', 1, '2005-12-03 15:13:00', '2005-12-04 15:05:00'),
('Inyenc', 1, '2005-12-03 15:35:00', '2005-12-04 15:28:00'),
('Mixi', 1, '2005-12-03 16:08:00', '2005-12-04 15:53:00'),
('HĂșsimĂĄdĂł', 1, '2005-12-03 16:16:00', '2005-12-04 16:08:00'),
('HĂșsimĂĄdĂł', 1, '2005-12-03 16:32:00', '2005-12-04 16:25:00'),
('Viking', 1, '2005-12-03 17:28:00', '2005-12-04 16:53:00'),
('Mixi', 1, '2005-12-03 17:34:00', '2005-12-04 17:28:00'),
('HĂșsimĂĄdĂł', 1, '2005-12-03 18:02:00', '2005-12-04 17:51:00'),
('HĂșsimĂĄdĂł', 1, '2005-12-03 18:03:00', '2005-12-04 18:03:00'),
('Inyenc', 1, '2005-12-03 18:18:00', '2005-12-04 18:26:00'),
('Mixi', 1, '2005-12-03 18:31:00', '2005-12-04 18:31:00'),
('HĂșsimĂĄdĂł', 1, '2005-12-03 18:36:00', '2005-12-04 18:41:00'),
('HĂșsimĂĄdĂł', 1, '2005-12-03 18:52:00', '2005-12-04 18:43:00'),
('Viking', 1, '2005-12-03 19:25:00', '2005-12-04 18:52:00'),
('Mixi', 1, '2005-12-03 19:35:00', '2005-12-04 18:59:00'),
('HĂșsimĂĄdĂł', 1, '2005-12-03 19:43:00', '2005-12-04 19:03:00'),
('HĂșsimĂĄdĂł', 1, '2005-12-03 20:22:00', '2005-12-04 19:25:00'),
('Inyenc', 1, '2005-12-03 20:41:00', '2005-12-04 19:43:00'),
('Mixi', 1, '2005-12-03 21:03:00', '2005-12-04 20:08:00'),
('HĂșsimĂĄdĂł', 1, '2005-12-03 21:26:00', '2005-12-04 20:22:00'),
('HĂșsimĂĄdĂł', 1, '2005-12-03 21:44:00', '2005-12-04 20:25:00'),
('Viking', 1, '2005-12-03 22:04:00', '2005-12-04 21:03:00'),
('Mixi', 1, '2005-12-03 22:51:00', '2005-12-04 21:08:00'),
('HĂșsimĂĄdĂł', 1, '2005-12-03 23:32:00', '2005-12-04 21:28:00'),
('HĂșsimĂĄdĂł', 1, '2005-12-03 23:33:00', '2005-12-04 21:44:00'),
('Inyenc', 1, '2005-12-04 00:10:00', '2005-12-04 22:04:00'),
('Mixi', 1, '2005-12-04 11:24:00', '2005-12-04 22:30:00'),
('HĂșsimĂĄdĂł', 1, '2005-12-04 11:34:00', '2005-12-04 22:42:00'),
('HĂșsimĂĄdĂł', 1, '2005-12-04 11:42:00', '2005-12-04 23:05:00'),
('Viking', 1, '2005-12-04 12:12:00', '2005-12-04 23:36:00'),
('Mixi', 1, '2005-12-04 12:43:00', '2005-12-05 00:03:00'),
('HĂșsimĂĄdĂł', 1, '2005-12-04 13:28:00', '2005-12-05 00:05:00'),
('HĂșsimĂĄdĂł', 1, '2005-12-04 13:41:00', '2005-12-05 00:23:00'),
('Inyenc', 1, '2005-12-04 14:14:00', '2005-12-05 11:21:00'),
('Mixi', 1, '2005-12-04 14:52:00', '2005-12-05 11:41:00'),
('HĂșsimĂĄdĂł', 1, '2005-12-04 15:05:00', '2005-12-05 12:38:00'),
('HĂșsimĂĄdĂł', 1, '2005-12-04 15:16:00', '2005-12-05 13:18:00'),
('Viking', 1, '2005-12-04 15:42:00', '2005-12-05 13:44:00'),
('Mixi', 1, '2005-12-04 16:11:00', '2005-12-05 14:10:00'),
('HĂșsimĂĄdĂł', 1, '2005-12-04 16:26:00', '2005-12-05 14:20:00'),
('HĂșsimĂĄdĂł', 1, '2005-12-04 17:02:00', '2005-12-05 14:51:00'),
('Inyenc', 1, '2005-12-04 17:31:00', '2005-12-05 15:13:00'),
('Mixi', 1, '2005-12-04 17:35:00', '2005-12-05 15:35:00'),
('HĂșsimĂĄdĂł', 1, '2005-12-04 18:08:00', '2005-12-05 16:08:00'),
('HĂșsimĂĄdĂł', 1, '2005-12-04 18:22:00', '2005-12-05 16:16:00'),
('Viking', 1, '2005-12-04 18:38:00', '2005-12-05 16:32:00'),
('Mixi', 1, '2005-12-04 18:51:00', '2005-12-05 17:28:00'),
('HĂșsimĂĄdĂł', 1, '2005-12-04 19:28:00', '2005-12-05 17:34:00'),
('HĂșsimĂĄdĂł', 1, '2005-12-04 19:51:00', '2005-12-05 18:02:00'),
('Inyenc', 1, '2005-12-04 20:02:00', '2005-12-05 18:03:00'),
('Mixi', 1, '2005-12-04 20:26:00', '2005-12-05 18:18:00'),
('HĂșsimĂĄdĂł', 1, '2005-12-04 20:34:00', '2005-12-05 18:31:00'),
('HĂșsimĂĄdĂł', 1, '2005-12-04 21:05:00', '2005-12-05 18:36:00'),
('Viking', 1, '2005-12-04 21:36:00', '2005-12-05 18:52:00'),
('Mixi', 1, '2005-12-04 22:03:00', '2005-12-05 19:25:00'),
('HĂșsimĂĄdĂł', 1, '2005-12-04 22:51:00', '2005-12-05 19:35:00'),
('HĂșsimĂĄdĂł', 1, '2005-12-04 23:32:00', '2005-12-05 19:43:00'),
('Inyenc', 1, '2005-12-04 23:33:00', '2005-12-05 20:22:00'),
('Mixi', 1, '2005-12-05 00:10:00', '2005-12-05 20:41:00'),
('HĂșsimĂĄdĂł', 1, '2005-12-05 11:24:00', '2005-12-05 21:03:00'),
('HĂșsimĂĄdĂł', 1, '2005-12-05 11:34:00', '2005-12-05 21:26:00'),
('Viking', 1, '2005-12-05 11:42:00', '2005-12-05 21:44:00'),
('Mixi', 1, '2005-12-05 12:12:00', '2005-12-05 22:04:00'),
('HĂșsimĂĄdĂł', 1, '2005-12-05 12:43:00', '2005-12-05 22:51:00'),
('HĂșsimĂĄdĂł', 1, '2005-12-05 13:28:00', '2005-12-05 23:32:00'),
('Inyenc', 1, '2005-12-05 13:41:00', '2005-12-05 23:33:00'),
('Mixi', 1, '2005-12-05 14:14:00', '2005-12-06 00:10:00'),
('HĂșsimĂĄdĂł', 1, '2005-12-05 14:52:00', '2005-12-06 11:24:00'),
('HĂșsimĂĄdĂł', 1, '2005-12-05 15:05:00', '2005-12-06 11:34:00'),
('Viking', 1, '2005-12-05 15:16:00', '2005-12-06 11:42:00'),
('Mixi', 1, '2005-12-05 15:42:00', '2005-12-06 12:12:00'),
('HĂșsimĂĄdĂł', 1, '2005-12-05 16:11:00', '2005-12-06 12:43:00'),
('HĂșsimĂĄdĂł', 1, '2005-12-05 16:26:00', '2005-12-06 13:28:00'),
('Inyenc', 1, '2005-12-05 17:02:00', '2005-12-06 13:41:00'),
('Mixi', 1, '2005-12-05 17:31:00', '2005-12-06 14:14:00'),
('HĂșsimĂĄdĂł', 1, '2005-12-05 17:35:00', '2005-12-06 14:52:00'),
('HĂșsimĂĄdĂł', 1, '2005-12-05 18:08:00', '2005-12-06 15:05:00'),
('Viking', 1, '2005-12-05 18:22:00', '2005-12-06 15:16:00'),
('Mixi', 1, '2005-12-05 18:38:00', '2005-12-06 15:42:00'),
('HĂșsimĂĄdĂł', 1, '2005-12-05 18:51:00', '2005-12-06 16:11:00'),
('HĂșsimĂĄdĂł', 1, '2005-12-05 19:28:00', '2005-12-06 16:26:00'),
('Inyenc', 1, '2005-12-05 19:51:00', '2005-12-06 17:02:00'),
('Mixi', 1, '2005-12-05 20:02:00', '2005-12-06 17:31:00'),
('HĂșsimĂĄdĂł', 1, '2005-12-05 20:26:00', '2005-12-06 17:35:00'),
('HĂșsimĂĄdĂł', 1, '2005-12-05 20:34:00', '2005-12-06 18:08:00'),
('Viking', 1, '2005-12-05 21:05:00', '2005-12-06 18:22:00'),
('Mixi', 1, '2005-12-05 21:36:00', '2005-12-06 18:38:00'),
('HĂșsimĂĄdĂł', 1, '2005-12-05 22:03:00', '2005-12-06 18:51:00'),
('HĂșsimĂĄdĂł', 1, '2005-12-05 22:56:00', '2005-12-06 19:28:00'),
('Inyenc', 1, '2005-12-06 11:26:00', '2005-12-06 19:51:00'),
('Mixi', 1, '2005-12-06 12:04:00', '2005-12-06 20:02:00'),
('HĂșsimĂĄdĂł', 1, '2005-12-06 12:44:00', '2005-12-06 20:26:00'),
('HĂșsimĂĄdĂł', 1, '2005-12-06 13:16:00', '2005-12-06 20:34:00'),
('Viking', 1, '2005-12-06 13:21:00', '2005-12-06 21:05:00'),
('Mixi', 1, '2005-12-06 14:11:00', '2005-12-06 21:36:00'),
('HĂșsimĂĄdĂł', 1, '2005-12-06 14:26:00', '2005-12-06 22:03:00'),
('HĂșsimĂĄdĂł', 1, '2005-12-06 15:05:00', '2005-12-06 22:56:00'),
('Inyenc', 1, '2005-12-06 15:28:00', '2005-12-07 11:26:00'),
('Mixi', 1, '2005-12-06 15:53:00', '2005-12-07 12:04:00'),
('HĂșsimĂĄdĂł', 1, '2005-12-06 16:08:00', '2005-12-07 12:44:00'),
('HĂșsimĂĄdĂł', 1, '2005-12-06 16:25:00', '2005-12-07 13:16:00'),
('Viking', 1, '2005-12-06 16:53:00', '2005-12-07 13:21:00'),
('Mixi', 1, '2005-12-06 17:28:00', '2005-12-07 14:11:00'),
('HĂșsimĂĄdĂł', 1, '2005-12-06 17:51:00', '2005-12-07 14:26:00'),
('HĂșsimĂĄdĂł', 1, '2005-12-06 18:03:00', '2005-12-07 15:05:00'),
('Inyenc', 1, '2005-12-06 18:26:00', '2005-12-07 15:28:00'),
('Mixi', 1, '2005-12-06 18:31:00', '2005-12-07 15:53:00'),
('HĂșsimĂĄdĂł', 1, '2005-12-06 18:41:00', '2005-12-07 16:08:00'),
('HĂșsimĂĄdĂł', 1, '2005-12-06 18:43:00', '2005-12-07 16:25:00'),
('Viking', 1, '2005-12-06 18:52:00', '2005-12-07 16:53:00'),
('Mixi', 1, '2005-12-06 18:59:00', '2005-12-07 17:28:00'),
('HĂșsimĂĄdĂł', 1, '2005-12-06 19:03:00', '2005-12-07 17:51:00'),
('HĂșsimĂĄdĂł', 1, '2005-12-06 19:25:00', '2005-12-07 18:03:00'),
('Inyenc', 1, '2005-12-06 19:43:00', '2005-12-07 18:26:00'),
('Mixi', 1, '2005-12-06 20:08:00', '2005-12-07 18:31:00'),
('HĂșsimĂĄdĂł', 1, '2005-12-06 20:22:00', '2005-12-07 18:41:00'),
('HĂșsimĂĄdĂł', 1, '2005-12-06 20:25:00', '2005-12-07 18:43:00'),
('Viking', 1, '2005-12-06 21:03:00', '2005-12-07 18:52:00'),
('Mixi', 1, '2005-12-06 21:08:00', '2005-12-07 18:59:00'),
('HĂșsimĂĄdĂł', 1, '2005-12-06 21:28:00', '2005-12-07 19:03:00'),
('HĂșsimĂĄdĂł', 1, '2005-12-06 21:44:00', '2005-12-07 19:25:00'),
('Inyenc', 1, '2005-12-06 22:04:00', '2005-12-07 19:43:00'),
('Mixi', 1, '2005-12-06 22:30:00', '2005-12-07 20:08:00'),
('HĂșsimĂĄdĂł', 1, '2005-12-06 22:42:00', '2005-12-07 20:22:00'),
('HĂșsimĂĄdĂł', 1, '2005-12-06 23:05:00', '2005-12-07 20:25:00'),
('Viking', 1, '2005-12-06 23:36:00', '2005-12-07 21:03:00'),
('Mixi', 1, '2005-12-07 00:03:00', '2005-12-07 21:08:00'),
('HĂșsimĂĄdĂł', 1, '2005-12-07 00:05:00', '2005-12-07 21:28:00'),
('HĂșsimĂĄdĂł', 1, '2005-12-07 00:23:00', '2005-12-07 21:44:00'),
('Inyenc', 1, '2005-12-07 11:21:00', '2005-12-07 22:04:00'),
('Mixi', 1, '2005-12-07 11:41:00', '2005-12-07 22:30:00'),
('HĂșsimĂĄdĂł', 1, '2005-12-07 12:38:00', '2005-12-07 22:42:00'),
('HĂșsimĂĄdĂł', 1, '2005-12-07 13:18:00', '2005-12-07 23:05:00'),
('Viking', 1, '2005-12-07 13:44:00', '2005-12-07 23:36:00'),
('Mixi', 1, '2005-12-07 14:10:00', '2005-12-08 00:03:00'),
('HĂșsimĂĄdĂł', 1, '2005-12-07 14:20:00', '2005-12-08 00:05:00'),
('HĂșsimĂĄdĂł', 1, '2005-12-07 14:51:00', '2005-12-08 00:23:00'),
('Inyenc', 1, '2005-12-07 15:13:00', '2005-12-08 11:21:00'),
('Mixi', 1, '2005-12-07 15:35:00', '2005-12-08 11:41:00'),
('HĂșsimĂĄdĂł', 1, '2005-12-07 16:08:00', '2005-12-08 12:38:00'),
('HĂșsimĂĄdĂł', 1, '2005-12-07 16:16:00', '2005-12-08 13:18:00'),
('Viking', 1, '2005-12-07 16:32:00', '2005-12-08 13:44:00'),
('Mixi', 1, '2005-12-07 17:28:00', '2005-12-08 14:10:00'),
('HĂșsimĂĄdĂł', 1, '2005-12-07 17:34:00', '2005-12-08 14:20:00'),
('HĂșsimĂĄdĂł', 1, '2005-12-07 18:02:00', '2005-12-08 14:51:00'),
('Inyenc', 1, '2005-12-07 18:03:00', '2005-12-08 15:13:00'),
('Mixi', 1, '2005-12-07 18:18:00', '2005-12-08 15:35:00'),
('HĂșsimĂĄdĂł', 1, '2005-12-07 18:31:00', '2005-12-08 16:08:00'),
('HĂșsimĂĄdĂł', 1, '2005-12-07 18:36:00', '2005-12-08 16:16:00'),
('Viking', 1, '2005-12-07 18:52:00', '2005-12-08 16:32:00'),
('Mixi', 1, '2005-12-07 19:25:00', '2005-12-08 17:28:00'),
('HĂșsimĂĄdĂł', 1, '2005-12-07 19:35:00', '2005-12-08 17:34:00'),
('HĂșsimĂĄdĂł', 1, '2005-12-07 19:43:00', '2005-12-08 18:02:00'),
('Inyenc', 1, '2005-12-07 20:22:00', '2005-12-08 18:03:00'),
('Mixi', 1, '2005-12-07 20:41:00', '2005-12-08 18:18:00'),
('HĂșsimĂĄdĂł', 1, '2005-12-07 21:03:00', '2005-12-08 18:31:00'),
('HĂșsimĂĄdĂł', 1, '2005-12-07 21:26:00', '2005-12-08 18:36:00'),
('Viking', 1, '2005-12-07 21:44:00', '2005-12-08 18:52:00'),
('Mixi', 1, '2005-12-07 22:04:00', '2005-12-08 19:25:00'),
('HĂșsimĂĄdĂł', 1, '2005-12-07 22:51:00', '2005-12-08 19:35:00'),
('HĂșsimĂĄdĂł', 1, '2005-12-07 23:32:00', '2005-12-08 19:43:00'),
('Inyenc', 1, '2005-12-07 23:33:00', '2005-12-08 20:22:00'),
('Mixi', 1, '2005-12-08 00:10:00', '2005-12-08 20:41:00'),
('HĂșsimĂĄdĂł', 1, '2005-12-08 11:24:00', '2005-12-08 21:03:00'),
('HĂșsimĂĄdĂł', 1, '2005-12-08 11:34:00', '2005-12-08 21:26:00'),
('Viking', 1, '2005-12-08 11:42:00', '2005-12-08 21:44:00'),
('Mixi', 1, '2005-12-08 12:12:00', '2005-12-08 22:04:00'),
('HĂșsimĂĄdĂł', 1, '2005-12-08 12:43:00', '2005-12-08 22:51:00'),
('HĂșsimĂĄdĂł', 1, '2005-12-08 13:28:00', '2005-12-08 23:32:00'),
('Inyenc', 1, '2005-12-08 13:41:00', '2005-12-08 23:33:00'),
('Mixi', 1, '2005-12-08 14:14:00', '2005-12-09 00:10:00'),
('HĂșsimĂĄdĂł', 1, '2005-12-08 14:52:00', '2005-12-09 11:24:00'),
('HĂșsimĂĄdĂł', 1, '2005-12-08 15:05:00', '2005-12-09 11:34:00'),
('Viking', 1, '2005-12-08 15:16:00', '2005-12-09 11:42:00'),
('Mixi', 1, '2005-12-08 15:42:00', '2005-12-09 12:12:00'),
('HĂșsimĂĄdĂł', 1, '2005-12-08 16:11:00', '2005-12-09 12:43:00'),
('HĂșsimĂĄdĂł', 1, '2005-12-08 16:26:00', '2005-12-09 13:28:00'),
('Inyenc', 1, '2005-12-08 17:02:00', '2005-12-09 13:41:00'),
('Mixi', 1, '2005-12-08 17:31:00', '2005-12-09 14:14:00'),
('HĂșsimĂĄdĂł', 1, '2005-12-08 17:35:00', '2005-12-09 14:52:00'),
('HĂșsimĂĄdĂł', 1, '2005-12-08 18:08:00', '2005-12-09 15:05:00'),
('Viking', 1, '2005-12-08 18:22:00', '2005-12-09 15:16:00'),
('Mixi', 1, '2005-12-08 18:38:00', '2005-12-09 15:42:00'),
('HĂșsimĂĄdĂł', 1, '2005-12-08 18:51:00', '2005-12-09 16:11:00'),
('HĂșsimĂĄdĂł', 1, '2005-12-08 19:28:00', '2005-12-09 16:26:00'),
('Inyenc', 1, '2005-12-08 19:51:00', '2005-12-09 17:02:00'),
('Mixi', 1, '2005-12-08 20:02:00', '2005-12-09 17:31:00'),
('HĂșsimĂĄdĂł', 1, '2005-12-08 20:26:00', '2005-12-09 17:35:00'),
('HĂșsimĂĄdĂł', 1, '2005-12-08 20:34:00', '2005-12-09 18:08:00'),
('Viking', 1, '2005-12-08 21:05:00', '2005-12-09 18:22:00'),
('Mixi', 1, '2005-12-08 21:36:00', '2005-12-09 18:38:00'),
('HĂșsimĂĄdĂł', 1, '2005-12-08 22:03:00', '2005-12-09 18:51:00'),
('HĂșsimĂĄdĂł', 1, '2005-12-08 22:56:00', '2005-12-09 19:28:00'),
('Inyenc', 1, '2005-12-09 11:26:00', '2005-12-09 19:51:00'),
('Mixi', 1, '2005-12-09 12:04:00', '2005-12-09 20:02:00'),
('HĂșsimĂĄdĂł', 1, '2005-12-09 12:44:00', '2005-12-09 20:26:00'),
('HĂșsimĂĄdĂł', 1, '2005-12-09 13:16:00', '2005-12-09 20:34:00'),
('Viking', 1, '2005-12-09 13:21:00', '2005-12-09 21:05:00'),
('Mixi', 1, '2005-12-09 14:11:00', '2005-12-09 21:36:00'),
('HĂșsimĂĄdĂł', 1, '2005-12-09 14:26:00', '2005-12-09 22:03:00'),
('HĂșsimĂĄdĂł', 1, '2005-12-09 15:05:00', '2005-12-09 22:56:00'),
('Inyenc', 1, '2005-12-09 15:28:00', '2005-12-10 11:26:00'),
('Mixi', 1, '2005-12-09 15:53:00', '2005-12-10 12:04:00'),
('HĂșsimĂĄdĂł', 1, '2005-12-09 16:08:00', '2005-12-10 12:44:00'),
('HĂșsimĂĄdĂł', 1, '2005-12-09 16:25:00', '2005-12-10 13:16:00'),
('Viking', 1, '2005-12-09 16:53:00', '2005-12-10 13:21:00'),
('Mixi', 1, '2005-12-09 17:28:00', '2005-12-10 14:11:00'),
('HĂșsimĂĄdĂł', 1, '2005-12-09 17:51:00', '2005-12-10 14:26:00'),
('HĂșsimĂĄdĂł', 1, '2005-12-09 18:03:00', '2005-12-10 15:05:00'),
('Inyenc', 1, '2005-12-09 18:26:00', '2005-12-10 15:28:00'),
('Mixi', 1, '2005-12-09 18:31:00', '2005-12-10 15:53:00'),
('HĂșsimĂĄdĂł', 1, '2005-12-09 18:41:00', '2005-12-10 16:08:00'),
('HĂșsimĂĄdĂł', 1, '2005-12-09 18:43:00', '2005-12-10 16:25:00'),
('Viking', 1, '2005-12-09 18:52:00', '2005-12-10 16:53:00'),
('Mixi', 1, '2005-12-09 18:59:00', '2005-12-10 17:28:00'),
('HĂșsimĂĄdĂł', 1, '2005-12-09 19:03:00', '2005-12-10 17:51:00'),
('HĂșsimĂĄdĂł', 1, '2005-12-09 19:25:00', '2005-12-10 18:03:00'),
('Inyenc', 1, '2005-12-09 19:43:00', '2005-12-10 18:26:00'),
('Mixi', 1, '2005-12-09 20:08:00', '2005-12-10 18:31:00'),
('HĂșsimĂĄdĂł', 1, '2005-12-09 20:22:00', '2005-12-10 18:41:00'),
('HĂșsimĂĄdĂł', 1, '2005-12-09 20:25:00', '2005-12-10 18:43:00'),
('Viking', 1, '2005-12-09 21:03:00', '2005-12-10 18:52:00'),
('Mixi', 1, '2005-12-09 21:08:00', '2005-12-10 18:59:00'),
('HĂșsimĂĄdĂł', 1, '2005-12-09 21:28:00', '2005-12-10 19:03:00'),
('HĂșsimĂĄdĂł', 1, '2005-12-09 21:44:00', '2005-12-10 19:25:00'),
('Inyenc', 1, '2005-12-09 22:04:00', '2005-12-10 19:43:00'),
('Mixi', 1, '2005-12-09 22:30:00', '2005-12-10 20:08:00'),
('HĂșsimĂĄdĂł', 1, '2005-12-09 22:42:00', '2005-12-10 20:22:00'),
('HĂșsimĂĄdĂł', 1, '2005-12-09 23:05:00', '2005-12-10 20:25:00'),
('Viking', 1, '2005-12-09 23:36:00', '2005-12-10 21:03:00'),
('Mixi', 1, '2005-12-10 00:03:00', '2005-12-10 21:08:00'),
('HĂșsimĂĄdĂł', 1, '2005-12-10 00:05:00', '2005-12-10 21:28:00'),
('HĂșsimĂĄdĂł', 1, '2005-12-10 00:23:00', '2005-12-10 21:44:00'),
('Inyenc', 1, '2005-12-10 11:21:00', '2005-12-10 22:04:00'),
('Mixi', 1, '2005-12-10 11:41:00', '2005-12-10 22:30:00'),
('HĂșsimĂĄdĂł', 1, '2005-12-10 12:38:00', '2005-12-10 22:42:00'),
('HĂșsimĂĄdĂł', 1, '2005-12-10 13:18:00', '2005-12-10 23:05:00'),
('Viking', 1, '2005-12-10 13:44:00', '2005-12-10 23:36:00'),
('Mixi', 1, '2005-12-10 14:10:00', '2005-12-11 00:03:00'),
('HĂșsimĂĄdĂł', 1, '2005-12-10 14:20:00', '2005-12-11 00:05:00'),
('HĂșsimĂĄdĂł', 1, '2005-12-10 14:51:00', '2005-12-11 00:23:00'),
('Inyenc', 1, '2005-12-10 15:13:00', '2005-12-11 11:21:00'),
('Mixi', 1, '2005-12-10 15:35:00', '2005-12-11 11:41:00'),
('HĂșsimĂĄdĂł', 1, '2005-12-10 16:08:00', '2005-12-11 12:38:00'),
('HĂșsimĂĄdĂł', 1, '2005-12-10 16:16:00', '2005-12-11 13:18:00'),
('Viking', 1, '2005-12-10 16:32:00', '2005-12-11 13:44:00'),
('Mixi', 1, '2005-12-10 17:28:00', '2005-12-11 14:10:00'),
('HĂșsimĂĄdĂł', 1, '2005-12-10 17:34:00', '2005-12-11 14:20:00'),
('HĂșsimĂĄdĂł', 1, '2005-12-10 18:02:00', '2005-12-11 14:51:00'),
('Inyenc', 1, '2005-12-10 18:03:00', '2005-12-11 15:13:00'),
('Mixi', 1, '2005-12-10 18:18:00', '2005-12-11 15:35:00'),
('HĂșsimĂĄdĂł', 1, '2005-12-10 18:31:00', '2005-12-11 16:08:00'),
('HĂșsimĂĄdĂł', 1, '2005-12-10 18:36:00', '2005-12-11 16:16:00'),
('Viking', 1, '2005-12-10 18:52:00', '2005-12-11 16:32:00'),
('Mixi', 1, '2005-12-10 19:25:00', '2005-12-11 17:28:00'),
('HĂșsimĂĄdĂł', 1, '2005-12-10 19:35:00', '2005-12-11 17:34:00'),
('HĂșsimĂĄdĂł', 1, '2005-12-10 19:43:00', '2005-12-11 18:02:00'),
('Inyenc', 1, '2005-12-10 20:22:00', '2005-12-11 18:03:00'),
('Mixi', 1, '2005-12-10 20:41:00', '2005-12-11 18:18:00'),
('HĂșsimĂĄdĂł', 1, '2005-12-10 21:03:00', '2005-12-11 18:31:00'),
('HĂșsimĂĄdĂł', 1, '2005-12-10 21:26:00', '2005-12-11 18:36:00'),
('Viking', 1, '2005-12-10 21:44:00', '2005-12-11 18:52:00'),
('Mixi', 1, '2005-12-10 22:04:00', '2005-12-11 19:25:00'),
('HĂșsimĂĄdĂł', 1, '2005-12-10 22:51:00', '2005-12-11 19:35:00'),
('HĂșsimĂĄdĂł', 1, '2005-12-10 23:32:00', '2005-12-11 19:43:00'),
('Inyenc', 1, '2005-12-10 23:33:00', '2005-12-11 20:22:00'),
('Mixi', 1, '2005-12-11 00:10:00', '2005-12-11 20:41:00'),
('HĂșsimĂĄdĂł', 1, '2005-12-11 11:24:00', '2005-12-11 21:03:00'),
('HĂșsimĂĄdĂł', 1, '2005-12-11 11:34:00', '2005-12-11 21:26:00'),
('Viking', 1, '2005-12-11 11:42:00', '2005-12-11 21:44:00'),
('Mixi', 1, '2005-12-11 12:12:00', '2005-12-11 22:04:00'),
('HĂșsimĂĄdĂł', 1, '2005-12-11 12:43:00', '2005-12-11 22:51:00'),
('HĂșsimĂĄdĂł', 1, '2005-12-11 13:28:00', '2005-12-11 23:32:00'),
('Inyenc', 1, '2005-12-11 13:41:00', '2005-12-11 23:33:00'),
('Mixi', 1, '2005-12-11 14:14:00', '2005-12-12 00:10:00'),
('HĂșsimĂĄdĂł', 1, '2005-12-11 14:52:00', '2005-12-12 11:24:00'),
('HĂșsimĂĄdĂł', 1, '2005-12-11 15:05:00', '2005-12-12 11:34:00'),
('Viking', 1, '2005-12-11 15:16:00', '2005-12-12 11:42:00'),
('Mixi', 1, '2005-12-11 15:42:00', '2005-12-12 12:12:00'),
('HĂșsimĂĄdĂł', 1, '2005-12-11 16:11:00', '2005-12-12 12:43:00'),
('HĂșsimĂĄdĂł', 1, '2005-12-11 16:26:00', '2005-12-12 13:28:00'),
('Inyenc', 1, '2005-12-11 17:02:00', '2005-12-12 13:41:00'),
('Mixi', 1, '2005-12-11 17:31:00', '2005-12-12 14:14:00'),
('HĂșsimĂĄdĂł', 1, '2005-12-11 17:35:00', '2005-12-12 14:52:00'),
('HĂșsimĂĄdĂł', 1, '2005-12-11 18:08:00', '2005-12-12 15:05:00'),
('Viking', 1, '2005-12-11 18:22:00', '2005-12-12 15:16:00'),
('Mixi', 1, '2005-12-11 18:38:00', '2005-12-12 15:42:00'),
('HĂșsimĂĄdĂł', 1, '2005-12-11 18:51:00', '2005-12-12 16:11:00'),
('HĂșsimĂĄdĂł', 1, '2005-12-11 19:28:00', '2005-12-12 16:26:00'),
('Inyenc', 1, '2005-12-11 19:51:00', '2005-12-12 17:02:00'),
('Mixi', 1, '2005-12-11 20:02:00', '2005-12-12 17:31:00'),
('HĂșsimĂĄdĂł', 1, '2005-12-11 20:26:00', '2005-12-12 17:35:00'),
('HĂșsimĂĄdĂł', 1, '2005-12-11 20:34:00', '2005-12-12 18:08:00'),
('Viking', 1, '2005-12-11 21:05:00', '2005-12-12 18:22:00'),
('Mixi', 1, '2005-12-11 21:36:00', '2005-12-12 18:38:00'),
('HĂșsimĂĄdĂł', 1, '2005-12-11 22:03:00', '2005-12-12 18:51:00'),
('HĂșsimĂĄdĂł', 1, '2005-12-11 22:56:00', '2005-12-12 19:28:00'),
('Inyenc', 1, '2005-12-12 11:26:00', '2005-12-12 19:51:00'),
('Mixi', 1, '2005-12-12 12:04:00', '2005-12-12 20:02:00'),
('HĂșsimĂĄdĂł', 1, '2005-12-12 12:44:00', '2005-12-12 20:26:00'),
('HĂșsimĂĄdĂł', 1, '2005-12-12 13:16:00', '2005-12-12 20:34:00'),
('Viking', 1, '2005-12-12 13:21:00', '2005-12-12 21:05:00'),
('Mixi', 1, '2005-12-12 14:11:00', '2005-12-12 21:36:00'),
('HĂșsimĂĄdĂł', 1, '2005-12-12 14:26:00', '2005-12-12 22:03:00'),
('HĂșsimĂĄdĂł', 1, '2005-12-12 15:05:00', '2005-12-12 22:56:00'),
('Inyenc', 1, '2005-12-12 15:28:00', '2005-12-13 11:26:00'),
('Mixi', 1, '2005-12-12 15:53:00', '2005-12-13 12:04:00'),
('HĂșsimĂĄdĂł', 1, '2005-12-12 16:08:00', '2005-12-13 12:44:00'),
('HĂșsimĂĄdĂł', 1, '2005-12-12 16:25:00', '2005-12-13 13:16:00'),
('Viking', 1, '2005-12-12 16:53:00', '2005-12-13 13:21:00'),
('Mixi', 1, '2005-12-12 17:28:00', '2005-12-13 14:11:00'),
('HĂșsimĂĄdĂł', 1, '2005-12-12 17:51:00', '2005-12-13 14:26:00'),
('HĂșsimĂĄdĂł', 1, '2005-12-12 18:03:00', '2005-12-13 15:05:00'),
('Inyenc', 1, '2005-12-12 18:26:00', '2005-12-13 15:28:00'),
('Mixi', 1, '2005-12-12 18:31:00', '2005-12-13 15:53:00'),
('HĂșsimĂĄdĂł', 1, '2005-12-12 18:41:00', '2005-12-13 16:08:00'),
('HĂșsimĂĄdĂł', 1, '2005-12-12 18:43:00', '2005-12-13 16:25:00'),
('Viking', 1, '2005-12-12 18:52:00', '2005-12-13 16:53:00'),
('Mixi', 1, '2005-12-12 18:59:00', '2005-12-13 17:28:00'),
('HĂșsimĂĄdĂł', 1, '2005-12-12 19:03:00', '2005-12-13 17:51:00'),
('HĂșsimĂĄdĂł', 1, '2005-12-12 19:25:00', '2005-12-13 18:03:00'),
('Inyenc', 1, '2005-12-12 19:43:00', '2005-12-13 18:26:00'),
('Mixi', 1, '2005-12-12 20:08:00', '2005-12-13 18:31:00'),
('HĂșsimĂĄdĂł', 1, '2005-12-12 20:22:00', '2005-12-13 18:41:00'),
('HĂșsimĂĄdĂł', 1, '2005-12-12 20:25:00', '2005-12-13 18:43:00'),
('Viking', 1, '2005-12-12 21:03:00', '2005-12-13 18:52:00'),
('Mixi', 1, '2005-12-12 21:08:00', '2005-12-13 18:59:00'),
('HĂșsimĂĄdĂł', 1, '2005-12-12 21:28:00', '2005-12-13 19:03:00'),
('HĂșsimĂĄdĂł', 1, '2005-12-12 21:44:00', '2005-12-13 19:25:00'),
('Inyenc', 1, '2005-12-12 22:04:00', '2005-12-13 19:43:00'),
('Mixi', 1, '2005-12-12 22:30:00', '2005-12-13 20:08:00'),
('HĂșsimĂĄdĂł', 1, '2005-12-12 22:42:00', '2005-12-13 20:22:00'),
('HĂșsimĂĄdĂł', 1, '2005-12-12 23:05:00', '2005-12-13 20:25:00'),
('Viking', 1, '2005-12-12 23:36:00', '2005-12-13 21:03:00'),
('Mixi', 1, '2005-12-13 00:03:00', '2005-12-13 21:08:00'),
('HĂșsimĂĄdĂł', 1, '2005-12-13 00:05:00', '2005-12-13 21:28:00'),
('HĂșsimĂĄdĂł', 1, '2005-12-13 00:23:00', '2005-12-13 21:44:00'),
('Inyenc', 1, '2005-12-13 11:21:00', '2005-12-13 22:04:00'),
('Mixi', 1, '2005-12-13 11:41:00', '2005-12-13 22:30:00'),
('HĂșsimĂĄdĂł', 1, '2005-12-13 12:38:00', '2005-12-13 22:42:00'),
('HĂșsimĂĄdĂł', 1, '2005-12-13 13:18:00', '2005-12-13 23:05:00'),
('Viking', 1, '2005-12-13 13:44:00', '2005-12-13 23:36:00'),
('Mixi', 1, '2005-12-13 14:10:00', '2005-12-14 00:03:00'),
('HĂșsimĂĄdĂł', 1, '2005-12-13 14:20:00', '2005-12-14 00:05:00'),
('HĂșsimĂĄdĂł', 1, '2005-12-13 14:51:00', '2005-12-14 00:23:00'),
('Inyenc', 1, '2005-12-13 15:13:00', '2005-12-14 11:21:00'),
('Mixi', 1, '2005-12-13 15:35:00', '2005-12-14 11:41:00'),
('HĂșsimĂĄdĂł', 1, '2005-12-13 16:08:00', '2005-12-14 12:38:00'),
('HĂșsimĂĄdĂł', 1, '2005-12-13 16:16:00', '2005-12-14 13:18:00'),
('Viking', 1, '2005-12-13 16:32:00', '2005-12-14 13:44:00'),
('Mixi', 1, '2005-12-13 17:28:00', '2005-12-14 14:10:00'),
('HĂșsimĂĄdĂł', 1, '2005-12-13 17:34:00', '2005-12-14 14:20:00'),
('HĂșsimĂĄdĂł', 1, '2005-12-13 18:02:00', '2005-12-14 14:51:00'),
('Inyenc', 1, '2005-12-13 18:03:00', '2005-12-14 15:13:00'),
('Mixi', 1, '2005-12-13 18:18:00', '2005-12-14 15:35:00'),
('HĂșsimĂĄdĂł', 1, '2005-12-13 18:31:00', '2005-12-14 16:08:00'),
('HĂșsimĂĄdĂł', 1, '2005-12-13 18:36:00', '2005-12-14 16:16:00'),
('Viking', 1, '2005-12-13 18:52:00', '2005-12-14 16:32:00'),
('Mixi', 1, '2005-12-13 19:25:00', '2005-12-14 17:28:00'),
('HĂșsimĂĄdĂł', 1, '2005-12-13 19:35:00', '2005-12-14 17:34:00'),
('HĂșsimĂĄdĂł', 1, '2005-12-13 19:43:00', '2005-12-14 18:02:00'),
('Inyenc', 1, '2005-12-13 20:22:00', '2005-12-14 18:03:00'),
('Mixi', 1, '2005-12-13 20:41:00', '2005-12-14 18:18:00'),
('HĂșsimĂĄdĂł', 1, '2005-12-13 21:03:00', '2005-12-14 18:31:00'),
('HĂșsimĂĄdĂł', 1, '2005-12-13 21:26:00', '2005-12-14 18:36:00'),
('Viking', 1, '2005-12-13 21:44:00', '2005-12-14 18:52:00'),
('Mixi', 1, '2005-12-13 22:04:00', '2005-12-14 19:25:00'),
('HĂșsimĂĄdĂł', 1, '2005-12-13 22:51:00', '2005-12-14 19:35:00'),
('HĂșsimĂĄdĂł', 1, '2005-12-13 23:32:00', '2005-12-14 19:43:00'),
('Inyenc', 1, '2005-12-13 23:33:00', '2005-12-14 20:22:00'),
('Mixi', 1, '2005-12-14 00:10:00', '2005-12-14 20:41:00'),
('HĂșsimĂĄdĂł', 1, '2005-12-14 11:24:00', '2005-12-14 21:03:00'),
('HĂșsimĂĄdĂł', 1, '2005-12-14 11:34:00', '2005-12-14 21:26:00'),
('Viking', 1, '2005-12-14 11:42:00', '2005-12-14 21:44:00'),
('Mixi', 1, '2005-12-14 12:12:00', '2005-12-14 22:04:00'),
('HĂșsimĂĄdĂł', 1, '2005-12-14 12:43:00', '2005-12-14 22:51:00'),
('HĂșsimĂĄdĂł', 1, '2005-12-14 13:28:00', '2005-12-14 23:32:00'),
('Inyenc', 1, '2005-12-14 13:41:00', '2005-12-14 23:33:00'),
('Mixi', 1, '2005-12-14 14:14:00', '2005-12-15 00:10:00'),
('HĂșsimĂĄdĂł', 1, '2005-12-14 14:52:00', '2005-12-15 11:24:00'),
('HĂșsimĂĄdĂł', 1, '2005-12-14 15:05:00', '2005-12-15 11:34:00'),
('Viking', 1, '2005-12-14 15:16:00', '2005-12-15 11:42:00'),
('Mixi', 1, '2005-12-14 15:42:00', '2005-12-15 12:12:00'),
('HĂșsimĂĄdĂł', 1, '2005-12-14 16:11:00', '2005-12-15 12:43:00'),
('HĂșsimĂĄdĂł', 1, '2005-12-14 16:26:00', '2005-12-15 13:28:00'),
('Inyenc', 1, '2005-12-14 17:02:00', '2005-12-15 13:41:00'),
('Mixi', 1, '2005-12-14 17:31:00', '2005-12-15 14:14:00'),
('HĂșsimĂĄdĂł', 1, '2005-12-14 17:35:00', '2005-12-15 14:52:00'),
('HĂșsimĂĄdĂł', 1, '2005-12-14 18:08:00', '2005-12-15 15:05:00'),
('Viking', 1, '2005-12-14 18:22:00', '2005-12-15 15:16:00'),
('Mixi', 1, '2005-12-14 18:38:00', '2005-12-15 15:42:00'),
('HĂșsimĂĄdĂł', 1, '2005-12-14 18:51:00', '2005-12-15 16:11:00'),
('HĂșsimĂĄdĂł', 1, '2005-12-14 19:28:00', '2005-12-15 16:26:00'),
('Inyenc', 1, '2005-12-14 19:51:00', '2005-12-15 17:02:00'),
('Mixi', 1, '2005-12-14 20:02:00', '2005-12-15 17:31:00'),
('HĂșsimĂĄdĂł', 1, '2005-12-14 20:26:00', '2005-12-15 17:35:00'),
('HĂșsimĂĄdĂł', 1, '2005-12-14 20:34:00', '2005-12-15 18:08:00'),
('Viking', 1, '2005-12-14 21:05:00', '2005-12-15 18:22:00'),
('Mixi', 1, '2005-12-14 21:36:00', '2005-12-15 18:38:00'),
('HĂșsimĂĄdĂł', 1, '2005-12-14 22:03:00', '2005-12-15 18:51:00'),
('HĂșsimĂĄdĂł', 1, '2005-12-14 22:56:00', '2005-12-15 19:28:00'),
('Inyenc', 1, '2005-12-15 11:26:00', '2005-12-15 19:51:00'),
('Mixi', 1, '2005-12-15 12:04:00', '2005-12-15 20:02:00'),
('HĂșsimĂĄdĂł', 1, '2005-12-15 12:44:00', '2005-12-15 20:26:00'),
('HĂșsimĂĄdĂł', 1, '2005-12-15 13:16:00', '2005-12-15 20:34:00'),
('Viking', 1, '2005-12-15 13:21:00', '2005-12-15 21:05:00'),
('Mixi', 1, '2005-12-15 14:11:00', '2005-12-15 21:36:00'),
('HĂșsimĂĄdĂł', 1, '2005-12-15 14:26:00', '2005-12-15 22:03:00'),
('HĂșsimĂĄdĂł', 1, '2005-12-15 15:05:00', '2005-12-15 22:56:00'),
('Inyenc', 1, '2005-12-15 15:28:00', '2005-12-16 11:26:00'),
('Mixi', 1, '2005-12-15 15:53:00', '2005-12-16 12:04:00'),
('HĂșsimĂĄdĂł', 1, '2005-12-15 16:08:00', '2005-12-16 12:44:00'),
('HĂșsimĂĄdĂł', 1, '2005-12-15 16:25:00', '2005-12-16 13:16:00'),
('Viking', 1, '2005-12-15 16:53:00', '2005-12-16 13:21:00'),
('Mixi', 1, '2005-12-15 17:28:00', '2005-12-16 14:11:00'),
('HĂșsimĂĄdĂł', 1, '2005-12-15 17:51:00', '2005-12-16 14:26:00'),
('HĂșsimĂĄdĂł', 1, '2005-12-15 18:03:00', '2005-12-16 15:05:00'),
('Inyenc', 1, '2005-12-15 18:26:00', '2005-12-16 15:28:00'),
('Mixi', 1, '2005-12-15 18:31:00', '2005-12-16 15:53:00'),
('HĂșsimĂĄdĂł', 1, '2005-12-15 18:41:00', '2005-12-16 16:08:00'),
('HĂșsimĂĄdĂł', 1, '2005-12-15 18:43:00', '2005-12-16 16:25:00'),
('Viking', 1, '2005-12-15 18:52:00', '2005-12-16 16:53:00'),
('Mixi', 1, '2005-12-15 18:59:00', '2005-12-16 17:28:00'),
('HĂșsimĂĄdĂł', 1, '2005-12-15 19:03:00', '2005-12-16 17:51:00'),
('HĂșsimĂĄdĂł', 1, '2005-12-15 19:25:00', '2005-12-16 18:03:00'),
('Inyenc', 1, '2005-12-15 19:43:00', '2005-12-16 18:26:00'),
('Mixi', 1, '2005-12-15 20:08:00', '2005-12-16 18:31:00'),
('HĂșsimĂĄdĂł', 1, '2005-12-15 20:22:00', '2005-12-16 18:41:00'),
('HĂșsimĂĄdĂł', 1, '2005-12-15 20:25:00', '2005-12-16 18:43:00'),
('Viking', 1, '2005-12-15 21:03:00', '2005-12-16 18:52:00'),
('Mixi', 1, '2005-12-15 21:08:00', '2005-12-16 18:59:00'),
('HĂșsimĂĄdĂł', 1, '2005-12-15 21:28:00', '2005-12-16 19:03:00'),
('HĂșsimĂĄdĂł', 1, '2005-12-15 21:44:00', '2005-12-16 19:25:00'),
('Inyenc', 1, '2005-12-15 22:04:00', '2005-12-16 19:43:00'),
('Mixi', 1, '2005-12-15 22:30:00', '2005-12-16 20:08:00'),
('HĂșsimĂĄdĂł', 1, '2005-12-15 22:42:00', '2005-12-16 20:22:00'),
('HĂșsimĂĄdĂł', 1, '2005-12-15 23:05:00', '2005-12-16 20:25:00'),
('Viking', 1, '2005-12-15 23:36:00', '2005-12-16 21:03:00'),
('Mixi', 1, '2005-12-16 00:03:00', '2005-12-16 21:08:00'),
('HĂșsimĂĄdĂł', 1, '2005-12-16 00:05:00', '2005-12-16 21:28:00'),
('HĂșsimĂĄdĂł', 1, '2005-12-16 00:23:00', '2005-12-16 21:44:00'),
('Inyenc', 1, '2005-12-16 11:21:00', '2005-12-16 22:04:00'),
('Mixi', 1, '2005-12-16 11:41:00', '2005-12-16 22:30:00'),
('HĂșsimĂĄdĂł', 1, '2005-12-16 12:38:00', '2005-12-16 22:42:00'),
('HĂșsimĂĄdĂł', 1, '2005-12-16 13:18:00', '2005-12-16 23:05:00'),
('Viking', 1, '2005-12-16 13:44:00', '2005-12-16 23:36:00'),
('Mixi', 1, '2005-12-16 14:10:00', '2005-12-17 00:03:00'),
('HĂșsimĂĄdĂł', 1, '2005-12-16 14:20:00', '2005-12-17 00:05:00'),
('HĂșsimĂĄdĂł', 1, '2005-12-16 14:51:00', '2005-12-17 00:23:00'),
('Inyenc', 1, '2005-12-16 15:13:00', '2005-12-17 11:21:00'),
('Mixi', 1, '2005-12-16 15:35:00', '2005-12-17 11:41:00'),
('HĂșsimĂĄdĂł', 1, '2005-12-16 16:08:00', '2005-12-17 12:38:00'),
('HĂșsimĂĄdĂł', 1, '2005-12-16 16:16:00', '2005-12-17 13:18:00'),
('Viking', 1, '2005-12-16 16:32:00', '2005-12-17 13:44:00'),
('Mixi', 1, '2005-12-16 17:28:00', '2005-12-17 14:10:00'),
('HĂșsimĂĄdĂł', 1, '2005-12-16 17:34:00', '2005-12-17 14:20:00'),
('HĂșsimĂĄdĂł', 1, '2005-12-16 18:02:00', '2005-12-17 14:51:00'),
('Inyenc', 1, '2005-12-16 18:03:00', '2005-12-17 15:13:00'),
('Mixi', 1, '2005-12-16 18:18:00', '2005-12-17 15:35:00'),
('HĂșsimĂĄdĂł', 1, '2005-12-16 18:31:00', '2005-12-17 16:08:00'),
('HĂșsimĂĄdĂł', 1, '2005-12-16 18:36:00', '2005-12-17 16:16:00'),
('Viking', 1, '2005-12-16 18:52:00', '2005-12-17 16:32:00'),
('Mixi', 1, '2005-12-16 19:25:00', '2005-12-17 17:28:00'),
('HĂșsimĂĄdĂł', 1, '2005-12-16 19:35:00', '2005-12-17 17:34:00'),
('HĂșsimĂĄdĂł', 1, '2005-12-16 19:43:00', '2005-12-17 18:02:00'),
('Inyenc', 1, '2005-12-16 20:22:00', '2005-12-17 18:03:00'),
('Mixi', 1, '2005-12-16 20:41:00', '2005-12-17 18:18:00'),
('HĂșsimĂĄdĂł', 1, '2005-12-16 21:03:00', '2005-12-17 18:31:00'),
('HĂșsimĂĄdĂł', 1, '2005-12-16 21:26:00', '2005-12-17 18:36:00'),
('Viking', 1, '2005-12-16 21:44:00', '2005-12-17 18:52:00'),
('Mixi', 1, '2005-12-16 22:04:00', '2005-12-17 19:25:00'),
('HĂșsimĂĄdĂł', 1, '2005-12-16 22:51:00', '2005-12-17 19:35:00'),
('HĂșsimĂĄdĂł', 1, '2005-12-16 23:32:00', '2005-12-17 19:43:00'),
('Inyenc', 1, '2005-12-16 23:33:00', '2005-12-17 20:22:00'),
('Mixi', 1, '2005-12-17 00:10:00', '2005-12-17 20:41:00'),
('HĂșsimĂĄdĂł', 1, '2005-12-17 11:24:00', '2005-12-17 21:03:00'),
('HĂșsimĂĄdĂł', 1, '2005-12-17 11:34:00', '2005-12-17 21:26:00'),
('Viking', 1, '2005-12-17 11:42:00', '2005-12-17 21:44:00'),
('Mixi', 1, '2005-12-17 12:12:00', '2005-12-17 22:04:00'),
('HĂșsimĂĄdĂł', 1, '2005-12-17 12:43:00', '2005-12-17 22:51:00'),
('HĂșsimĂĄdĂł', 1, '2005-12-17 13:28:00', '2005-12-17 23:32:00'),
('Inyenc', 1, '2005-12-17 13:41:00', '2005-12-17 23:33:00'),
('Mixi', 1, '2005-12-17 14:14:00', '2005-12-18 00:10:00'),
('HĂșsimĂĄdĂł', 1, '2005-12-17 14:52:00', '2005-12-18 11:24:00'),
('HĂșsimĂĄdĂł', 1, '2005-12-17 15:05:00', '2005-12-18 11:34:00'),
('Viking', 1, '2005-12-17 15:16:00', '2005-12-18 11:42:00'),
('Mixi', 1, '2005-12-17 15:42:00', '2005-12-18 12:12:00'),
('HĂșsimĂĄdĂł', 1, '2005-12-17 16:11:00', '2005-12-18 12:43:00'),
('HĂșsimĂĄdĂł', 1, '2005-12-17 16:26:00', '2005-12-18 13:28:00'),
('Inyenc', 1, '2005-12-17 17:02:00', '2005-12-18 13:41:00'),
('Mixi', 1, '2005-12-17 17:31:00', '2005-12-18 14:14:00'),
('HĂșsimĂĄdĂł', 1, '2005-12-17 17:35:00', '2005-12-18 14:52:00'),
('HĂșsimĂĄdĂł', 1, '2005-12-17 18:08:00', '2005-12-18 15:05:00'),
('Viking', 1, '2005-12-17 18:22:00', '2005-12-18 15:16:00'),
('Mixi', 1, '2005-12-17 18:38:00', '2005-12-18 15:42:00'),
('HĂșsimĂĄdĂł', 1, '2005-12-17 18:51:00', '2005-12-18 16:11:00'),
('HĂșsimĂĄdĂł', 1, '2005-12-17 19:28:00', '2005-12-18 16:26:00'),
('Inyenc', 1, '2005-12-17 19:51:00', '2005-12-18 17:02:00'),
('Mixi', 1, '2005-12-17 20:02:00', '2005-12-18 17:31:00'),
('HĂșsimĂĄdĂł', 1, '2005-12-17 20:26:00', '2005-12-18 17:35:00'),
('HĂșsimĂĄdĂł', 1, '2005-12-17 20:34:00', '2005-12-18 18:08:00'),
('Viking', 1, '2005-12-17 21:05:00', '2005-12-18 18:22:00'),
('Mixi', 1, '2005-12-17 21:36:00', '2005-12-18 18:38:00'),
('HĂșsimĂĄdĂł', 1, '2005-12-17 22:03:00', '2005-12-18 18:51:00'),
('HĂșsimĂĄdĂł', 1, '2005-12-17 22:56:00', '2005-12-18 19:28:00'),
('Inyenc', 1, '2005-12-18 11:26:00', '2005-12-18 19:51:00'),
('Mixi', 1, '2005-12-18 12:04:00', '2005-12-18 20:02:00'),
('HĂșsimĂĄdĂł', 1, '2005-12-18 12:44:00', '2005-12-18 20:26:00'),
('HĂșsimĂĄdĂł', 1, '2005-12-18 13:16:00', '2005-12-18 20:34:00'),
('Viking', 1, '2005-12-18 13:21:00', '2005-12-18 21:05:00'),
('Mixi', 1, '2005-12-18 14:11:00', '2005-12-18 21:36:00'),
('HĂșsimĂĄdĂł', 1, '2005-12-18 14:26:00', '2005-12-18 22:03:00'),
('HĂșsimĂĄdĂł', 1, '2005-12-18 15:05:00', '2005-12-18 22:56:00'),
('Inyenc', 1, '2005-12-18 15:28:00', '2005-12-19 11:26:00'),
('Mixi', 1, '2005-12-18 15:53:00', '2005-12-19 12:04:00'),
('HĂșsimĂĄdĂł', 1, '2005-12-18 16:08:00', '2005-12-19 12:44:00'),
('HĂșsimĂĄdĂł', 1, '2005-12-18 16:25:00', '2005-12-19 13:16:00'),
('Viking', 1, '2005-12-18 16:53:00', '2005-12-19 13:21:00'),
('Mixi', 1, '2005-12-18 17:28:00', '2005-12-19 14:11:00'),
('HĂșsimĂĄdĂł', 1, '2005-12-18 17:51:00', '2005-12-19 14:26:00'),
('HĂșsimĂĄdĂł', 1, '2005-12-18 18:03:00', '2005-12-19 15:05:00'),
('Inyenc', 1, '2005-12-18 18:26:00', '2005-12-19 15:28:00'),
('Mixi', 1, '2005-12-18 18:31:00', '2005-12-19 15:53:00'),
('HĂșsimĂĄdĂł', 1, '2005-12-18 18:41:00', '2005-12-19 16:08:00'),
('HĂșsimĂĄdĂł', 1, '2005-12-18 18:43:00', '2005-12-19 16:25:00'),
('Viking', 1, '2005-12-18 18:52:00', '2005-12-19 16:53:00'),
('Mixi', 1, '2005-12-18 18:59:00', '2005-12-19 17:28:00'),
('HĂșsimĂĄdĂł', 1, '2005-12-18 19:03:00', '2005-12-19 17:51:00'),
('HĂșsimĂĄdĂł', 1, '2005-12-18 19:25:00', '2005-12-19 18:03:00'),
('Inyenc', 1, '2005-12-18 19:43:00', '2005-12-19 18:26:00');